旅行社,行程號,天數,航班,起飛日期,起飛時間,抵達日期,抵達時間,RoutId,出發城市,抵達城市,出發地,目的地
澄心誠意澄果旅遊OrangeTour,SS1090308TKA,1,TK025,2019/03/08,21:55,2019/03/09,05:10,TPE/IST,台北市,伊斯坦堡,桃園國際機場,伊斯坦堡機場,土耳其航空
澄心誠意澄果旅遊OrangeTour,SS1090308TKA,2,TK1857,2019/03/09,07:15,2019/03/09,10:40,IST/MAD,伊斯坦堡,馬德里,伊斯坦堡機場,馬德里機場,土耳其航空
澄心誠意澄果旅遊OrangeTour,SS1090308TKA,9,TK1856,2019/03/16,18:55,2019/03/16,23:20,BCN/IST,巴賽隆那,伊斯坦堡,巴塞隆納機場,伊斯坦堡機場,土耳其航空
澄心誠意澄果旅遊OrangeTour,SS1090308TKA,10,TK24,2019/03/17,01:45,2019/03/17,17:55,IST/TPE,伊斯坦堡,台北市,伊斯坦堡機場,桃園國際機場,土耳其航空
澄心誠意澄果旅遊OrangeTour,SS01190308B,1,TK025,2019/03/08,22:15,2019/03/09,06:00,TPE/IST,台北市,伊斯坦堡,桃園國際機場,伊斯坦堡機場,土耳其航空
澄心誠意澄果旅遊OrangeTour,SS01190308B,2,TK1857,2019/03/09,08:20,2019/03/09,10:50,IST/MAD,伊斯坦堡,馬德里,伊斯坦堡機場,馬德里機場,土耳其航空
澄心誠意澄果旅遊OrangeTour,SS01190308B,9,TK1856,2019/03/16,18:20,2019/03/16,23:50,BCN/IST,巴賽隆那,伊斯坦堡,巴塞隆納機場,伊斯坦堡機場,土耳其航空
澄心誠意澄果旅遊OrangeTour,SS01190308B,10,TK024,2019/03/17,02:10,2019/03/17,17:50,IST/TPE,伊斯坦堡,台北市,伊斯坦堡機場,桃園國際機場,土耳其航空
澄心誠意澄果旅遊OrangeTour,0CNX190309FD,1,FD243,2019/03/09,02:30,2019/03/09,06:10,TPE/CNX,台北市,清邁,桃園國際機場,清邁機場,亞洲航空
澄心誠意澄果旅遊OrangeTour,0CNX190309FD,5,FD242,2019/03/13,21:15,2019/03/14,00:20,CNX/TPE,清邁,台北市,清邁機場,桃園國際機場,亞洲航空
澄心誠意澄果旅遊OrangeTour,EE1090309QRA,1,CX473,2019/03/09,18:40,2019/03/09,20:45,TPE/HKG,台北市,香港,桃園國際機場,香港機場,國泰航空
澄心誠意澄果旅遊OrangeTour,EE1090309QRA,2,QR815,2019/03/10,00:25,2019/03/10,04:55,HKG/DOH,香港,杜哈,香港機場,杜哈,卡達航空
澄心誠意澄果旅遊OrangeTour,EE1090309QRA,2,QR293,2019/03/10,06:25,2019/03/10,10:25,DOH/SJJ,杜哈,塞拉耶佛,杜哈,ARAJEVO機場,卡達航空
澄心誠意澄果旅遊OrangeTour,EE1090309QRA,9,QR218,2019/03/17,16:05,2019/03/17,23:35,ZAG/DOH,札格雷布,杜哈,札格雷布,杜哈,卡達航空
澄心誠意澄果旅遊OrangeTour,EE1090309QRA,10,QR818,2019/03/18,02:15,2019/03/18,14:45,DOH/HKG,杜哈,香港,杜哈,香港機場,卡達航空
澄心誠意澄果旅遊OrangeTour,EE1090309QRA,10,CX470,2019/03/18,17:40,2019/03/18,19:30,HKG/TPE,香港,台北市,香港機場,桃園國際機場,國泰航空
澄心誠意澄果旅遊OrangeTour,EE1190310HUA,1,HU7988,2019/03/10,20:10,2019/03/10,23:20,TPE/PEK,台北市,北京,桃園國際機場,北京機場,海南航空
澄心誠意澄果旅遊OrangeTour,EE1190310HUA,2,HU7937,2019/03/11,01:40,2019/03/11,06:00,PEK/PRG,北京,布拉格,北京機場,布拉格機場,海南航空
澄心誠意澄果旅遊OrangeTour,EE1190310HUA,9,HU7938,2019/03/18,14:35,2019/03/19,05:55,PRG/PEK,布拉格,北京,布拉格機場,北京機場,海南航空
澄心誠意澄果旅遊OrangeTour,EE1190310HUA,11,HU7987,2019/03/20,08:15,2019/03/20,12:00,PEK/TPE,北京,台北市,北京機場,桃園國際機場,海南航空
澄心誠意澄果旅遊OrangeTour,0KIX190311MM,1,MM22,2019/03/11,09:35,2019/03/11,13:05,TPE/OSA,台北市,大阪,桃園國際機場,大阪機場,MM
澄心誠意澄果旅遊OrangeTour,0KIX190311MM,5,MM27,2019/03/15,16:00,2019/03/15,18:15,OSA/TPE,大阪,台北市,大阪機場,桃園國際機場,MM
澄心誠意澄果旅遊OrangeTour,AS0790312ZZA,1,ZZZZ,2019/03/12,,2019/03/12,,/,,,,,
澄心誠意澄果旅遊OrangeTour,ES0890312CAA,1,CA190,2019/03/12,18:45,2019/03/12,22:20,TPE/PEK,台北市,北京,桃園國際機場,北京機場,中國國際
澄心誠意澄果旅遊OrangeTour,ES0890312CAA,2,CA907,2019/03/13,01:10,2019/03/13,05:55,PEK/MAD,北京,馬德里,北京機場,馬德里機場,中國國際
澄心誠意澄果旅遊OrangeTour,ES0890312CAA,7,CA846,2019/03/18,10:40,2019/03/19,04:35,BCN/PEK,巴賽隆那,北京,巴塞隆納機場,北京機場,中國國際
澄心誠意澄果旅遊OrangeTour,ES0890312CAA,8,CA189,2019/03/19,14:05,2019/03/19,17:20,PEK/TPE,北京,台北市,北京機場,桃園國際機場,中國國際
澄心誠意澄果旅遊OrangeTour,EW1190312HUA,1,HU7980,2019/03/12,13:40,2019/03/12,17:50,TPE/XIY,台北市,新余,桃園國際機場,咸陽機場,海南航空
澄心誠意澄果旅遊OrangeTour,EW1190312HUA,2,HU7971,2019/03/13,01:00,2019/03/13,05:55,XIY/ROM,新余,羅馬,咸陽機場,羅馬機場,海南航空
澄心誠意澄果旅遊OrangeTour,EW1190312HUA,9,HU7972,2019/03/20,12:40,2019/03/21,06:20,ROM/XIY,羅馬,新余,羅馬機場,咸陽機場,海南航空
澄心誠意澄果旅遊OrangeTour,EW1190312HUA,11,HU7979,2019/03/22,08:55,2019/03/22,12:40,XIY/TPE,新余,台北市,咸陽機場,桃園國際機場,海南航空
澄心誠意澄果旅遊OrangeTour,EW1090312CIA,1,CI075,2019/03/12,23:40,2019/03/13,07:50,TPE/ROM,台北市,羅馬,桃園國際機場,羅馬機場,中華航空
澄心誠意澄果旅遊OrangeTour,EW1090312CIA,9,CI076,2019/03/20,11:25,2019/03/21,06:25,ROM/TPE,羅馬,台北市,羅馬機場,桃園國際機場,中華航空
澄心誠意澄果旅遊OrangeTour,0CNX190314FD,1,FD243,2019/03/14,02:30,2019/03/14,06:10,TPE/CNX,台北市,清邁,桃園國際機場,清邁機場,亞洲航空
澄心誠意澄果旅遊OrangeTour,0CNX190314FD,5,FD242,2019/03/18,21:15,2019/03/19,00:20,CNX/TPE,清邁,台北市,清邁機場,桃園國際機場,亞洲航空
澄心誠意澄果旅遊OrangeTour,AS0690314ZZA,1,ZZZZ,2019/03/14,,2019/03/14,,/,,,,,
澄心誠意澄果旅遊OrangeTour,BWNBI90314GA,1,BI452,2019/03/14,15:30,2019/03/14,19:30,TPE/BWN,台北市,文萊,桃園國際機場,汶萊機場,汶萊航空
澄心誠意澄果旅遊OrangeTour,BWNBI90314GA,5,BI451,2019/03/18,11:00,2019/03/18,14:30,BWN/TPE,文萊,台北市,汶萊機場,桃園國際機場,汶萊航空
澄心誠意澄果旅遊OrangeTour,BWNBI90314GB,1,BI452,2019/03/14,15:30,2019/03/14,19:30,TPE/BWM,台北市,BOWMAN ND,桃園國際機場,BOWMAN機場,汶萊航空
澄心誠意澄果旅遊OrangeTour,BWNBI90314GB,5,BI541,2019/03/18,11:00,2019/03/18,14:30,BWN/TPE,文萊,台北市,汶萊機場,桃園國際機場,汶萊航空
澄心誠意澄果旅遊OrangeTour,OSACX90314PA,1,CX564,2019/03/14,11:00,2019/03/14,14:50,TPE/OSA,台北市,大阪,桃園國際機場,大阪機場,國泰航空
澄心誠意澄果旅遊OrangeTour,OSACX90314PA,5,CX565,2019/03/18,16:20,2019/03/18,18:20,OSA/TPE,大阪,台北市,大阪機場,桃園國際機場,國泰航空
澄心誠意澄果旅遊OrangeTour,AE1190314RJA,1,CX443,2019/03/14,16:10,2019/03/14,18:10,TPE/HKG,台北市,香港,桃園國際機場,香港機場,國泰航空
澄心誠意澄果旅遊OrangeTour,AE1190314RJA,1,RJ183,2019/03/14,21:35,2019/03/15,05:50,HKG/AMM,香港,安曼,香港機場,安曼機場,約旦航空
澄心誠意澄果旅遊OrangeTour,AE1190314RJA,4,RJ503,2019/03/17,11:00,2019/03/17,12:30,AMM/CAI,安曼,開羅,安曼機場,開羅機場,約旦航空
澄心誠意澄果旅遊OrangeTour,AE1190314RJA,10,RJ506,2019/03/23,18:45,2019/03/23,21:00,CAI/AMM,開羅,安曼,開羅機場,安曼機場,約旦航空
澄心誠意澄果旅遊OrangeTour,AE1190314RJA,11,RJ182,2019/03/24,02:55,2019/03/24,20:05,AMM/HKG,安曼,香港,安曼機場,香港機場,約旦航空
澄心誠意澄果旅遊OrangeTour,AE1190314RJA,11,CX408,2019/03/24,22:50,2019/03/25,00:40,HKG/TPE,香港,台北市,香港機場,桃園國際機場,國泰航空
澄心誠意澄果旅遊OrangeTour,OSACX90315PA,1,CX564,2019/03/15,11:00,2019/03/15,14:50,TPE/OSA,台北市,大阪,桃園國際機場,大阪機場,國泰航空
澄心誠意澄果旅遊OrangeTour,OSACX90315PA,5,CX565,2019/03/19,16:20,2019/03/19,18:20,OSA/TPE,大阪,台北市,大阪機場,桃園國際機場,國泰航空
澄心誠意澄果旅遊OrangeTour,CMBMH90315GA,1,MH367,2019/03/15,15:10,2019/03/15,20:05,TPE/KUL,台北市,吉隆坡,桃園國際機場,吉隆坡機場,馬來西亞航空
澄心誠意澄果旅遊OrangeTour,CMBMH90315GA,1,MH179,2019/03/15,22:10,2019/03/15,23:15,KUL/CMB,吉隆坡,COLOMBO,吉隆坡機場,可倫坡機場,馬來西亞航空
澄心誠意澄果旅遊OrangeTour,CMBMH90315GA,9,MH178,2019/03/23,00:15,2019/03/23,06:25,CMB/KUL,COLOMBO,吉隆坡,可倫坡機場,吉隆坡機場,馬來西亞航空
澄心誠意澄果旅遊OrangeTour,CMBMH90315GA,9,MH366,2019/03/23,09:25,2019/03/23,14:15,KUL/TPE,吉隆坡,台北市,吉隆坡機場,桃園國際機場,馬來西亞航空
澄心誠意澄果旅遊OrangeTour,SS1090315TKA,1,TK025,2019/03/15,21:55,2019/03/16,05:10,TPE/IST,台北市,伊斯坦堡,桃園國際機場,伊斯坦堡機場,土耳其航空
澄心誠意澄果旅遊OrangeTour,SS1090315TKA,2,TK1857,2019/03/16,07:15,2019/03/16,10:40,IST/MAD,伊斯坦堡,馬德里,伊斯坦堡機場,馬德里機場,土耳其航空
澄心誠意澄果旅遊OrangeTour,SS1090315TKA,9,TK1856,2019/03/23,18:55,2019/03/23,23:20,BCN/IST,巴賽隆那,伊斯坦堡,巴塞隆納機場,伊斯坦堡機場,土耳其航空
澄心誠意澄果旅遊OrangeTour,SS1090315TKA,10,TK24,2019/03/24,01:45,2019/03/24,17:55,IST/TPE,伊斯坦堡,台北市,伊斯坦堡機場,桃園國際機場,土耳其航空
澄心誠意澄果旅遊OrangeTour,SS01190315B,1,TK025,2019/03/15,22:15,2019/03/16,06:00,TPE/IST,台北市,伊斯坦堡,桃園國際機場,伊斯坦堡機場,土耳其航空
澄心誠意澄果旅遊OrangeTour,SS01190315B,2,TK1857,2019/03/16,08:20,2019/03/16,10:50,IST/MAD,伊斯坦堡,馬德里,伊斯坦堡機場,馬德里機場,土耳其航空
澄心誠意澄果旅遊OrangeTour,SS01190315B,9,TK1856,2019/03/23,18:20,2019/03/23,23:50,BCN/IST,巴賽隆那,伊斯坦堡,巴塞隆納機場,伊斯坦堡機場,土耳其航空
澄心誠意澄果旅遊OrangeTour,SS01190315B,10,TK024,2019/03/24,02:10,2019/03/24,17:50,IST/TPE,伊斯坦堡,台北市,伊斯坦堡機場,桃園國際機場,土耳其航空
澄心誠意澄果旅遊OrangeTour,CEB05190316A,1,IT537,2019/03/16,22:35,2019/03/17,01:30,TPE/CEB,台北市,宿霧,桃園國際機場,宿霧機場,虎航
澄心誠意澄果旅遊OrangeTour,CEB05190316A,5,IT538,2019/03/20,02:30,2019/03/20,05:15,CEB/TPE,宿霧,台北市,宿霧機場,桃園國際機場,虎航
澄心誠意澄果旅遊OrangeTour,CEB05190316B,1,IT537,2019/03/16,22:35,2019/03/17,01:30,TPE/CEB,台北市,宿霧,桃園國際機場,宿霧機場,虎航
澄心誠意澄果旅遊OrangeTour,CEB05190316B,5,IT538,2019/03/20,02:30,2019/03/20,05:15,CEB/TPE,宿霧,台北市,宿霧機場,桃園國際機場,虎航
澄心誠意澄果旅遊OrangeTour,AS0690316ZZA,1,ZZZZ,2019/03/16,,2019/03/16,,/,,,,,
澄心誠意澄果旅遊OrangeTour,CEB05190316C,1,IT537,2019/03/16,22:35,2019/03/17,01:30,TPE/CEB,台北市,宿霧,桃園國際機場,宿霧機場,虎航
澄心誠意澄果旅遊OrangeTour,CEB05190316C,5,IT538,2019/03/20,02:30,2019/03/20,05:15,CEB/TPE,宿霧,台北市,宿霧機場,桃園國際機場,虎航
澄心誠意澄果旅遊OrangeTour,BKIMH90316GA,1,MH069,2019/03/16,08:00,2019/03/16,11:30,TPE/BKI,台北市,沙巴,桃園國際機場,亞庇 (沙巴)機場,馬來西亞航空
澄心誠意澄果旅遊OrangeTour,BKIMH90316GA,5,MH068,2019/03/20,17:45,2019/03/20,21:05,BKI/TPE,沙巴,台北市,亞庇 (沙巴)機場,桃園國際機場,馬來西亞航空
澄心誠意澄果旅遊OrangeTour,OSACX90316PA,1,CX564,2019/03/16,11:00,2019/03/16,14:50,TPE/OSA,台北市,大阪,桃園國際機場,大阪機場,國泰航空
澄心誠意澄果旅遊OrangeTour,OSACX90316PA,5,CX565,2019/03/20,16:20,2019/03/20,18:20,OSA/TPE,大阪,台北市,大阪機場,桃園國際機場,國泰航空
澄心誠意澄果旅遊OrangeTour,ME1190316TKA,1,TK25,2019/03/16,22:10,2019/03/17,06:00,TPE/IST,台北市,伊斯坦堡,桃園國際機場,伊斯坦堡機場,土耳其航空
澄心誠意澄果旅遊OrangeTour,ME1190316TKA,11,TK24,2019/03/26,02:05,2019/03/26,17:40,IST/TPE,伊斯坦堡,台北市,伊斯坦堡機場,桃園國際機場,土耳其航空
澄心誠意澄果旅遊OrangeTour,CEB06190317A,1,IT537,2019/03/17,22:35,2019/03/18,01:30,TPE/CEB,台北市,宿霧,桃園國際機場,宿霧機場,虎航
澄心誠意澄果旅遊OrangeTour,CEB06190317A,6,IT538,2019/03/22,02:30,2019/03/22,05:15,CEB/TPE,宿霧,台北市,宿霧機場,桃園國際機場,虎航
澄心誠意澄果旅遊OrangeTour,KLO05190317F,1,FE321,2019/03/17,15:30,2019/03/17,18:00,TPE/KLO,台北市,長灘島,桃園國際機場,KALIBO機場,遠東航空
澄心誠意澄果旅遊OrangeTour,KLO05190317F,5,FE322,2019/03/21,21:35,2019/03/21,23:55,KLO/TPE,長灘島,台北市,KALIBO機場,桃園國際機場,遠東航空
澄心誠意澄果旅遊OrangeTour,KLO05190317G,1,FE321,2019/03/17,15:30,2019/03/17,18:00,TPE/KLO,台北市,長灘島,桃園國際機場,KALIBO機場,遠東航空
澄心誠意澄果旅遊OrangeTour,KLO05190317G,5,FE322,2019/03/21,21:35,2019/03/21,23:55,KLO/TPE,長灘島,台北市,KALIBO機場,桃園國際機場,遠東航空
澄心誠意澄果旅遊OrangeTour,KLO05190317H,1,FE321,2019/03/17,15:30,2019/03/17,18:00,TPE/KLO,台北市,長灘島,桃園國際機場,KALIBO機場,遠東航空
澄心誠意澄果旅遊OrangeTour,KLO05190317H,5,FE322,2019/03/21,21:35,2019/03/21,23:55,KLO/TPE,長灘島,台北市,KALIBO機場,桃園國際機場,遠東航空
澄心誠意澄果旅遊OrangeTour,HANVN90317GA,1,VN579,2019/03/17,07:30,2019/03/17,09:30,TPE/HAN,台北市,河內,桃園國際機場,河內機場,越南航空
澄心誠意澄果旅遊OrangeTour,HANVN90317GA,5,VN578,2019/03/21,17:20,2019/03/21,21:10,HAN/TPE,河內,台北市,河內機場,桃園國際機場,越南航空
澄心誠意澄果旅遊OrangeTour,BKIMH90317GA,1,MH069,2019/03/17,08:00,2019/03/17,11:30,TPE/BKI,台北市,沙巴,桃園國際機場,亞庇 (沙巴)機場,馬來西亞航空
澄心誠意澄果旅遊OrangeTour,BKIMH90317GA,5,MH068,2019/03/21,17:45,2019/03/21,21:05,BKI/TPE,沙巴,台北市,亞庇 (沙巴)機場,桃園國際機場,馬來西亞航空
澄心誠意澄果旅遊OrangeTour,HANVN90317GB,1,VN579,2019/03/17,07:30,2019/03/17,09:30,TPE/HAN,台北市,河內,桃園國際機場,河內機場,越南航空
澄心誠意澄果旅遊OrangeTour,HANVN90317GB,5,VN578,2019/03/21,17:20,2019/03/21,21:10,HAN/TPE,河內,台北市,河內機場,桃園國際機場,越南航空
澄心誠意澄果旅遊OrangeTour,OSACX90317PA,1,CX564,2019/03/17,11:00,2019/03/17,14:50,TPE/OSA,台北市,大阪,桃園國際機場,大阪機場,國泰航空
澄心誠意澄果旅遊OrangeTour,OSACX90317PA,5,CX565,2019/03/21,16:20,2019/03/21,18:20,OSA/TPE,大阪,台北市,大阪機場,桃園國際機場,國泰航空
澄心誠意澄果旅遊OrangeTour,AE1090317RJA,1,CX443,2019/03/17,16:10,2019/03/17,18:10,TPE/HKG,台北市,香港,桃園國際機場,香港機場,國泰航空
澄心誠意澄果旅遊OrangeTour,AE1090317RJA,1,RJ183,2019/03/17,21:35,2019/03/18,05:50,HKG/AMM,香港,安曼,香港機場,安曼機場,約旦航空
澄心誠意澄果旅遊OrangeTour,AE1090317RJA,2,RJ501,2019/03/18,07:00,2019/03/18,07:30,AMM/CAI,安曼,開羅,安曼機場,開羅機場,約旦航空
澄心誠意澄果旅遊OrangeTour,AE1090317RJA,9,RJ506,2019/03/25,18:45,2019/03/25,21:00,CAI/AMM,開羅,安曼,開羅機場,安曼機場,約旦航空
澄心誠意澄果旅遊OrangeTour,AE1090317RJA,10,RJ182,2019/03/26,02:55,2019/03/26,20:05,AMM/HKG,安曼,香港,安曼機場,香港機場,約旦航空
澄心誠意澄果旅遊OrangeTour,AE1090317RJA,10,CX408,2019/03/26,22:50,2019/03/27,00:40,HKG/TPE,香港,台北市,香港機場,桃園國際機場,國泰航空
澄心誠意澄果旅遊OrangeTour,EE1190317HUA,1,HU7988,2019/03/17,20:10,2019/03/17,23:20,TPE/PEK,台北市,北京,桃園國際機場,北京機場,海南航空
澄心誠意澄果旅遊OrangeTour,EE1190317HUA,2,HU7937,2019/03/18,01:40,2019/03/18,06:00,PEK/PRG,北京,布拉格,北京機場,布拉格機場,海南航空
澄心誠意澄果旅遊OrangeTour,EE1190317HUA,9,HU7938,2019/03/25,14:35,2019/03/26,05:55,PRG/PEK,布拉格,北京,布拉格機場,北京機場,海南航空
澄心誠意澄果旅遊OrangeTour,EE1190317HUA,11,HU7987,2019/03/27,08:15,2019/03/27,12:00,PEK/TPE,北京,台北市,北京機場,桃園國際機場,海南航空
澄心誠意澄果旅遊OrangeTour,ES1190317EKA,1,EK367,2019/03/17,23:45,2019/03/18,05:45,TPE/DXB,台北市,杜拜,桃園國際機場,杜拜機場,阿聯酋航空
澄心誠意澄果旅遊OrangeTour,ES1190317EKA,2,EK185,2019/03/18,07:50,2019/03/18,12:25,DXB/BCN,杜拜,巴賽隆那,杜拜機場,巴塞隆納機場,阿聯酋航空
澄心誠意澄果旅遊OrangeTour,ES1190317EKA,10,EK752,2019/03/26,14:15,2019/03/27,01:30,CMN/DXB,CMN,杜拜,卡薩布蘭卡,杜拜機場,阿聯酋航空
澄心誠意澄果旅遊OrangeTour,ES1190317EKA,11,EK366,2019/03/27,04:55,2019/03/27,16:50,DXB/TPE,杜拜,台北市,杜拜機場,桃園國際機場,阿聯酋航空
澄心誠意澄果旅遊OrangeTour,CEB06190319A,1,IT537,2019/03/19,22:35,2019/03/20,01:30,TPE/CEB,台北市,宿霧,桃園國際機場,宿霧機場,虎航
澄心誠意澄果旅遊OrangeTour,CEB06190319A,6,IT538,2019/03/24,02:30,2019/03/24,05:15,CEB/TPE,宿霧,台北市,宿霧機場,桃園國際機場,虎航
澄心誠意澄果旅遊OrangeTour,CEB06190319B,1,IT537,2019/03/19,22:35,2019/03/20,01:30,TPE/CEB,台北市,宿霧,桃園國際機場,宿霧機場,虎航
澄心誠意澄果旅遊OrangeTour,CEB06190319B,6,IT538,2019/03/24,02:30,2019/03/24,05:15,CEB/TPE,宿霧,台北市,宿霧機場,桃園國際機場,虎航
澄心誠意澄果旅遊OrangeTour,CEB05190321A,1,IT537,2019/03/21,22:35,2019/03/22,01:30,TPE/CEB,台北市,宿霧,桃園國際機場,宿霧機場,虎航
澄心誠意澄果旅遊OrangeTour,CEB05190321A,5,IT538,2019/03/25,02:30,2019/03/25,05:15,CEB/TPE,宿霧,台北市,宿霧機場,桃園國際機場,虎航
澄心誠意澄果旅遊OrangeTour,CEB05190321B,1,IT537,2019/03/21,22:35,2019/03/22,01:30,TPE/CEB,台北市,宿霧,桃園國際機場,宿霧機場,虎航
澄心誠意澄果旅遊OrangeTour,CEB05190321B,5,IT538,2019/03/25,02:30,2019/03/25,05:15,CEB/TPE,宿霧,台北市,宿霧機場,桃園國際機場,虎航
澄心誠意澄果旅遊OrangeTour,KLO05190321F,1,FE321,2019/03/21,18:00,2019/03/21,20:35,TPE/KLO,台北市,長灘島,桃園國際機場,KALIBO機場,遠東航空
澄心誠意澄果旅遊OrangeTour,KLO05190321F,5,FE322,2019/03/25,19:05,2019/03/25,21:30,KLO/TPE,長灘島,台北市,KALIBO機場,桃園國際機場,遠東航空
澄心誠意澄果旅遊OrangeTour,KLO05190321G,1,FE321,2019/03/21,18:00,2019/03/21,20:35,TPE/KLO,台北市,長灘島,桃園國際機場,KALIBO機場,遠東航空
澄心誠意澄果旅遊OrangeTour,KLO05190321G,5,FE322,2019/03/25,19:00,2019/03/25,21:30,KLO/TPE,長灘島,台北市,KALIBO機場,桃園國際機場,遠東航空
澄心誠意澄果旅遊OrangeTour,CEB05190321C,1,IT537,2019/03/21,22:35,2019/03/22,01:30,TPE/CEB,台北市,宿霧,桃園國際機場,宿霧機場,虎航
澄心誠意澄果旅遊OrangeTour,CEB05190321C,5,IT538,2019/03/25,02:30,2019/03/25,05:15,CEB/TPE,宿霧,台北市,宿霧機場,桃園國際機場,虎航
澄心誠意澄果旅遊OrangeTour,KLO05190321H,1,FE321,2019/03/21,18:00,2019/03/21,20:35,TPE/KLO,台北市,長灘島,桃園國際機場,KALIBO機場,遠東航空
澄心誠意澄果旅遊OrangeTour,KLO05190321H,5,FE322,2019/03/25,19:00,2019/03/25,21:30,KLO/TPE,長灘島,台北市,KALIBO機場,桃園國際機場,遠東航空
澄心誠意澄果旅遊OrangeTour,BKIMH90321GA,1,MH069,2019/03/21,08:00,2019/03/21,11:30,TPE/BKI,台北市,沙巴,桃園國際機場,亞庇 (沙巴)機場,馬來西亞航空
澄心誠意澄果旅遊OrangeTour,BKIMH90321GA,5,MH068,2019/03/25,17:45,2019/03/25,21:05,BKI/TPE,沙巴,台北市,亞庇 (沙巴)機場,桃園國際機場,馬來西亞航空
澄心誠意澄果旅遊OrangeTour,BWNBI90321GA,1,BI452,2019/03/21,15:30,2019/03/21,19:30,TPE/BWN,台北市,文萊,桃園國際機場,汶萊機場,汶萊航空
澄心誠意澄果旅遊OrangeTour,BWNBI90321GA,5,BI451,2019/03/25,11:00,2019/03/25,14:30,BWN/TPE,文萊,台北市,汶萊機場,桃園國際機場,汶萊航空
澄心誠意澄果旅遊OrangeTour,BWNBI90321GB,1,BI452,2019/03/21,15:30,2019/03/21,19:30,TPE/BWM,台北市,BOWMAN ND,桃園國際機場,BOWMAN機場,汶萊航空
澄心誠意澄果旅遊OrangeTour,BWNBI90321GB,5,BI541,2019/03/25,11:00,2019/03/25,14:30,BWN/TPE,文萊,台北市,汶萊機場,桃園國際機場,汶萊航空
澄心誠意澄果旅遊OrangeTour,AE1190321RJA,1,CX443,2019/03/21,16:10,2019/03/21,18:10,TPE/HKG,台北市,香港,桃園國際機場,香港機場,國泰航空
澄心誠意澄果旅遊OrangeTour,AE1190321RJA,1,RJ183,2019/03/21,21:35,2019/03/22,05:50,HKG/AMM,香港,安曼,香港機場,安曼機場,約旦航空
澄心誠意澄果旅遊OrangeTour,AE1190321RJA,4,RJ503,2019/03/24,11:00,2019/03/24,12:30,AMM/CAI,安曼,開羅,安曼機場,開羅機場,約旦航空
澄心誠意澄果旅遊OrangeTour,AE1190321RJA,10,RJ506,2019/03/30,18:45,2019/03/30,21:00,CAI/AMM,開羅,安曼,開羅機場,安曼機場,約旦航空
澄心誠意澄果旅遊OrangeTour,AE1190321RJA,11,RJ182,2019/03/31,02:55,2019/03/31,20:05,AMM/HKG,安曼,香港,安曼機場,香港機場,約旦航空
澄心誠意澄果旅遊OrangeTour,AE1190321RJA,11,CX408,2019/03/31,22:50,2019/04/01,00:40,HKG/TPE,香港,台北市,香港機場,桃園國際機場,國泰航空
澄心誠意澄果旅遊OrangeTour,KLO05190322A,1,5J097,2019/03/22,00:25,2019/03/22,03:00,TPE/KLO,台北市,長灘島,桃園國際機場,KALIBO機場,
澄心誠意澄果旅遊OrangeTour,KLO05190322A,5,5J096,2019/03/26,21:05,2019/03/26,23:40,KLO/TPE,長灘島,台北市,KALIBO機場,桃園國際機場,
澄心誠意澄果旅遊OrangeTour,KLO05190322B,1,5J097,2019/03/22,00:25,2019/03/22,03:00,TPE/KLO,台北市,長灘島,桃園國際機場,KALIBO機場,
澄心誠意澄果旅遊OrangeTour,KLO05190322B,5,5J096,2019/03/26,21:05,2019/03/26,23:40,KLO/TPE,長灘島,台北市,KALIBO機場,桃園國際機場,
澄心誠意澄果旅遊OrangeTour,KLO05190322C,1,5J097,2019/03/22,00:25,2019/03/22,03:00,TPE/KLO,台北市,長灘島,桃園國際機場,KALIBO機場,
澄心誠意澄果旅遊OrangeTour,KLO05190322C,5,5J096,2019/03/26,21:05,2019/03/26,23:40,KLO/TPE,長灘島,台北市,KALIBO機場,桃園國際機場,
澄心誠意澄果旅遊OrangeTour,CMBMH90322GA,1,MH367,2019/03/22,15:10,2019/03/22,20:05,TPE/KUL,台北市,吉隆坡,桃園國際機場,吉隆坡機場,馬來西亞航空
澄心誠意澄果旅遊OrangeTour,CMBMH90322GA,1,MH179,2019/03/22,22:10,2019/03/22,23:15,KUL/CMB,吉隆坡,COLOMBO,吉隆坡機場,可倫坡機場,馬來西亞航空
澄心誠意澄果旅遊OrangeTour,CMBMH90322GA,9,MH178,2019/03/30,00:15,2019/03/30,06:25,CMB/KUL,COLOMBO,吉隆坡,可倫坡機場,吉隆坡機場,馬來西亞航空
澄心誠意澄果旅遊OrangeTour,CMBMH90322GA,9,MH366,2019/03/30,09:25,2019/03/30,14:15,KUL/TPE,吉隆坡,台北市,吉隆坡機場,桃園國際機場,馬來西亞航空
澄心誠意澄果旅遊OrangeTour,SS1090322TKA,1,TK025,2019/03/22,21:55,2019/03/23,05:10,TPE/IST,台北市,伊斯坦堡,桃園國際機場,伊斯坦堡機場,土耳其航空
澄心誠意澄果旅遊OrangeTour,SS1090322TKA,2,TK1857,2019/03/23,07:15,2019/03/23,10:40,IST/MAD,伊斯坦堡,馬德里,伊斯坦堡機場,馬德里機場,土耳其航空
澄心誠意澄果旅遊OrangeTour,SS1090322TKA,9,TK1856,2019/03/30,18:55,2019/03/30,23:20,BCN/IST,巴賽隆那,伊斯坦堡,巴塞隆納機場,伊斯坦堡機場,土耳其航空
澄心誠意澄果旅遊OrangeTour,SS1090322TKA,10,TK24,2019/03/31,01:45,2019/03/31,17:55,IST/TPE,伊斯坦堡,台北市,伊斯坦堡機場,桃園國際機場,土耳其航空
澄心誠意澄果旅遊OrangeTour,SS01190322B,1,TK025,2019/03/22,22:15,2019/03/23,06:00,TPE/IST,台北市,伊斯坦堡,桃園國際機場,伊斯坦堡機場,土耳其航空
澄心誠意澄果旅遊OrangeTour,SS01190322B,2,TK1857,2019/03/23,08:20,2019/03/23,10:50,IST/MAD,伊斯坦堡,馬德里,伊斯坦堡機場,馬德里機場,土耳其航空
澄心誠意澄果旅遊OrangeTour,SS01190322B,9,TK1856,2019/03/30,18:20,2019/03/30,23:50,BCN/IST,巴賽隆那,伊斯坦堡,巴塞隆納機場,伊斯坦堡機場,土耳其航空
澄心誠意澄果旅遊OrangeTour,SS01190322B,10,TK024,2019/03/31,02:10,2019/03/31,17:50,IST/TPE,伊斯坦堡,台北市,伊斯坦堡機場,桃園國際機場,土耳其航空
澄心誠意澄果旅遊OrangeTour,CEB05190323A,1,IT537,2019/03/23,22:35,2019/03/24,01:30,TPE/CEB,台北市,宿霧,桃園國際機場,宿霧機場,虎航
澄心誠意澄果旅遊OrangeTour,CEB05190323A,5,IT538,2019/03/27,02:30,2019/03/27,05:15,CEB/TPE,宿霧,台北市,宿霧機場,桃園國際機場,虎航
澄心誠意澄果旅遊OrangeTour,0CNX190323FD,1,FD243,2019/03/23,02:30,2019/03/23,06:10,TPE/CNX,台北市,清邁,桃園國際機場,清邁機場,亞洲航空
澄心誠意澄果旅遊OrangeTour,0CNX190323FD,5,FD242,2019/03/27,21:15,2019/03/28,00:20,CNX/TPE,清邁,台北市,清邁機場,桃園國際機場,亞洲航空
澄心誠意澄果旅遊OrangeTour,CEB05190323B,1,IT537,2019/03/23,22:35,2019/03/24,01:30,TPE/CEB,台北市,宿霧,桃園國際機場,宿霧機場,虎航
澄心誠意澄果旅遊OrangeTour,CEB05190323B,5,IT538,2019/03/27,02:30,2019/03/27,05:15,CEB/TPE,宿霧,台北市,宿霧機場,桃園國際機場,虎航
澄心誠意澄果旅遊OrangeTour,OSACX90323PB,1,CX564,2019/03/23,11:00,2019/03/23,14:50,TPE/OSA,台北市,大阪,桃園國際機場,大阪機場,國泰航空
澄心誠意澄果旅遊OrangeTour,OSACX90323PB,5,CX565,2019/03/27,16:20,2019/03/27,18:20,OSA/TPE,大阪,台北市,大阪機場,桃園國際機場,國泰航空
澄心誠意澄果旅遊OrangeTour,OSACX90323PA,1,CX530,2019/03/23,12:00,2019/03/23,15:50,TPE/NGO,台北市,名古屋,桃園國際機場,名古屋機場,國泰航空
澄心誠意澄果旅遊OrangeTour,OSACX90323PA,5,CX531,2019/03/27,17:00,2019/03/27,19:05,NGO/TPE,名古屋,台北市,名古屋機場,桃園國際機場,國泰航空
澄心誠意澄果旅遊OrangeTour,EE1090323QRA,1,CX473,2019/03/23,18:40,2019/03/23,20:45,TPE/HKG,台北市,香港,桃園國際機場,香港機場,國泰航空
澄心誠意澄果旅遊OrangeTour,EE1090323QRA,2,QR815,2019/03/24,00:25,2019/03/24,04:55,HKG/DOH,香港,杜哈,香港機場,杜哈,卡達航空
澄心誠意澄果旅遊OrangeTour,EE1090323QRA,2,QR293,2019/03/24,06:25,2019/03/24,10:25,DOH/SJJ,杜哈,塞拉耶佛,杜哈,ARAJEVO機場,卡達航空
澄心誠意澄果旅遊OrangeTour,EE1090323QRA,9,QR218,2019/03/31,16:05,2019/03/31,23:35,ZAG/DOH,札格雷布,杜哈,札格雷布,杜哈,卡達航空
澄心誠意澄果旅遊OrangeTour,EE1090323QRA,10,QR818,2019/04/01,02:15,2019/04/01,14:45,DOH/HKG,杜哈,香港,杜哈,香港機場,卡達航空
澄心誠意澄果旅遊OrangeTour,EE1090323QRA,10,CX470,2019/04/01,17:40,2019/04/01,19:30,HKG/TPE,香港,台北市,香港機場,桃園國際機場,國泰航空
澄心誠意澄果旅遊OrangeTour,0KMQ190324IT,1,IT252,2019/03/24,12:05,2019/03/24,16:10,TPE/KMQ,台北市,小松,桃園國際機場,小松機場,虎航
澄心誠意澄果旅遊OrangeTour,0KMQ190324IT,5,IT253,2019/03/28,17:00,2019/03/28,19:15,KMQ/TPE,小松,台北市,小松機場,桃園國際機場,虎航
澄心誠意澄果旅遊OrangeTour,OKACI90324SF,1,CI122,2019/03/24,17:35,2019/03/24,19:55,TPE/OKA,台北市,沖繩,桃園國際機場,沖繩機場,中華航空
澄心誠意澄果旅遊OrangeTour,OKACI90324SF,4,CI123,2019/03/27,20:55,2019/03/27,21:25,OKA/TPE,沖繩,台北市,沖繩機場,桃園國際機場,中華航空
澄心誠意澄果旅遊OrangeTour,CEB06190324A,1,IT537,2019/03/24,22:35,2019/03/25,01:30,TPE/CEB,台北市,宿霧,桃園國際機場,宿霧機場,虎航
澄心誠意澄果旅遊OrangeTour,CEB06190324A,6,IT538,2019/03/29,02:30,2019/03/29,05:15,CEB/TPE,宿霧,台北市,宿霧機場,桃園國際機場,虎航
澄心誠意澄果旅遊OrangeTour,OKACI90324TS,1,CI122,2019/03/24,17:35,2019/03/24,19:55,TPE/OKA,台北市,沖繩,桃園國際機場,沖繩機場,中華航空
澄心誠意澄果旅遊OrangeTour,OKACI90324TS,4,CI123,2019/03/27,20:55,2019/03/27,21:25,OKA/TPE,沖繩,台北市,沖繩機場,桃園國際機場,中華航空
澄心誠意澄果旅遊OrangeTour,OKACI90324GP,1,CI122,2019/03/24,17:35,2019/03/24,19:55,TPE/OKA,台北市,沖繩,桃園國際機場,沖繩機場,中華航空
澄心誠意澄果旅遊OrangeTour,OKACI90324GP,4,CI123,2019/03/27,20:55,2019/03/27,21:25,OKA/TPE,沖繩,台北市,沖繩機場,桃園國際機場,中華航空
澄心誠意澄果旅遊OrangeTour,CEB06190324C,1,IT537,2019/03/24,22:35,2019/03/25,01:30,TPE/CEB,台北市,宿霧,桃園國際機場,宿霧機場,虎航
澄心誠意澄果旅遊OrangeTour,CEB06190324C,6,IT538,2019/03/29,02:30,2019/03/29,05:15,CEB/TPE,宿霧,台北市,宿霧機場,桃園國際機場,虎航
澄心誠意澄果旅遊OrangeTour,OKACI90324GH,1,CI122,2019/03/24,17:35,2019/03/24,19:55,TPE/OKA,台北市,沖繩,桃園國際機場,沖繩機場,中華航空
澄心誠意澄果旅遊OrangeTour,OKACI90324GH,4,CI123,2019/03/27,20:55,2019/03/27,21:25,OKA/TPE,沖繩,台北市,沖繩機場,桃園國際機場,中華航空
澄心誠意澄果旅遊OrangeTour,PPS05190324A,1,FE327,2019/03/24,20:00,2019/03/24,22:50,TPE/PPS,台北市,PUERTO PRINCE,桃園國際機場,PUERTO PRINCESA機場,遠東航空
澄心誠意澄果旅遊OrangeTour,PPS05190324A,5,FE328,2019/03/28,18:50,2019/03/28,21:30,PPS/TPE,PUERTO PRINCE,台北市,PUERTO PRINCESA機場,桃園國際機場,遠東航空
澄心誠意澄果旅遊OrangeTour,OSACX90324PB,1,CX564,2019/03/24,11:00,2019/03/24,14:50,TPE/OSA,台北市,大阪,桃園國際機場,大阪機場,國泰航空
澄心誠意澄果旅遊OrangeTour,OSACX90324PB,5,CX565,2019/03/28,16:20,2019/03/28,18:20,OSA/TPE,大阪,台北市,大阪機場,桃園國際機場,國泰航空
澄心誠意澄果旅遊OrangeTour,BWNBI90325GA,1,BI452,2019/03/25,15:30,2019/03/25,19:30,TPE/BWN,台北市,文萊,桃園國際機場,汶萊機場,汶萊航空
澄心誠意澄果旅遊OrangeTour,BWNBI90325GA,5,BI451,2019/03/29,11:00,2019/03/29,14:30,BWN/TPE,文萊,台北市,汶萊機場,桃園國際機場,汶萊航空
澄心誠意澄果旅遊OrangeTour,BWNBI90325GB,1,BI452,2019/03/25,15:30,2019/03/25,19:30,TPE/BWM,台北市,BOWMAN ND,桃園國際機場,BOWMAN機場,汶萊航空
澄心誠意澄果旅遊OrangeTour,BWNBI90325GB,5,BI541,2019/03/29,11:00,2019/03/29,14:30,BWN/TPE,文萊,台北市,汶萊機場,桃園國際機場,汶萊航空
澄心誠意澄果旅遊OrangeTour,EE1090325QRA,1,CX451,2019/03/25,19:35,2019/03/25,21:40,TPE/HKG,台北市,香港,桃園國際機場,香港機場,國泰航空
澄心誠意澄果旅遊OrangeTour,EE1090325QRA,2,QR815,2019/03/26,00:50,2019/03/26,05:35,HKG/DOH,香港,杜哈,香港機場,杜哈,卡達航空
澄心誠意澄果旅遊OrangeTour,EE1090325QRA,2,QR293,2019/03/26,07:00,2019/03/26,11:00,DOH/SJJ,杜哈,塞拉耶佛,杜哈,ARAJEVO機場,卡達航空
澄心誠意澄果旅遊OrangeTour,EE1090325QRA,9,QR218,2019/04/02,17:15,2019/04/02,23:45,ZAG/DOH,札格雷布,杜哈,札格雷布,杜哈,卡達航空
澄心誠意澄果旅遊OrangeTour,EE1090325QRA,10,QR818,2019/04/03,03:25,2019/04/03,16:05,DOH/HKG,杜哈,香港,杜哈,香港機場,卡達航空
澄心誠意澄果旅遊OrangeTour,EE1090325QRA,10,CX402,2019/04/03,18:35,2019/04/03,20:30,HKG/TPE,香港,台北市,香港機場,桃園國際機場,國泰航空
澄心誠意澄果旅遊OrangeTour,0HKG190326ZZ,1,ZZ001,2019/03/26,07:25,2019/03/26,09:15,TPE/HKG,台北市,香港,桃園國際機場,香港機場,
澄心誠意澄果旅遊OrangeTour,0HKG190326ZZ,3,ZZ999,2019/03/28,21:15,2019/03/28,23:10,HKG/TPE,香港,台北市,香港機場,桃園國際機場,
澄心誠意澄果旅遊OrangeTour,BKIMH90326GA,1,MH069,2019/03/26,08:00,2019/03/26,11:30,TPE/BKI,台北市,沙巴,桃園國際機場,亞庇 (沙巴)機場,馬來西亞航空
澄心誠意澄果旅遊OrangeTour,BKIMH90326GA,5,MH068,2019/03/30,17:45,2019/03/30,21:05,BKI/TPE,沙巴,台北市,亞庇 (沙巴)機場,桃園國際機場,馬來西亞航空
澄心誠意澄果旅遊OrangeTour,AS0790326ZZA,1,ZZZZ,2019/03/26,,2019/03/26,,/,,,,,
澄心誠意澄果旅遊OrangeTour,0HKG190327ZZ,1,ZZ001,2019/03/27,07:25,2019/03/27,09:15,TPE/HKG,台北市,香港,桃園國際機場,香港機場,
澄心誠意澄果旅遊OrangeTour,0HKG190327ZZ,3,ZZ999,2019/03/29,21:15,2019/03/29,23:10,HKG/TPE,香港,台北市,香港機場,桃園國際機場,
澄心誠意澄果旅遊OrangeTour,0OKA190327MM,1,MM924,2019/03/27,09:30,2019/03/27,12:10,TPE/OKA,台北市,沖繩,桃園國際機場,沖繩機場,MM
澄心誠意澄果旅遊OrangeTour,0OKA190327MM,4,MM925,2019/03/30,16:40,2019/03/30,17:20,OKA/TPE,沖繩,台北市,沖繩機場,桃園國際機場,MM
澄心誠意澄果旅遊OrangeTour,0BKK190327IT,1,IT505,2019/03/27,15:45,2019/03/27,18:45,TPE/DMK,台北市,DMK,桃園國際機場,廊曼國際機場,虎航
澄心誠意澄果旅遊OrangeTour,0BKK190327IT,5,IT506,2019/03/31,20:00,2019/04/01,00:40,DMK/TPE,DMK,台北市,廊曼國際機場,桃園國際機場,虎航
澄心誠意澄果旅遊OrangeTour,CEB05190328A,1,IT537,2019/03/28,22:35,2019/03/29,01:30,TPE/CEB,台北市,宿霧,桃園國際機場,宿霧機場,虎航
澄心誠意澄果旅遊OrangeTour,CEB05190328A,5,IT538,2019/04/01,02:30,2019/04/01,05:15,CEB/TPE,宿霧,台北市,宿霧機場,桃園國際機場,虎航
澄心誠意澄果旅遊OrangeTour,CEB05190328B,1,IT537,2019/03/28,22:35,2019/03/29,01:30,TPE/CEB,台北市,宿霧,桃園國際機場,宿霧機場,虎航
澄心誠意澄果旅遊OrangeTour,CEB05190328B,5,IT538,2019/04/01,02:30,2019/04/01,05:15,CEB/TPE,宿霧,台北市,宿霧機場,桃園國際機場,虎航
澄心誠意澄果旅遊OrangeTour,CEB05190328C,1,IT537,2019/03/28,22:35,2019/03/29,01:30,TPE/CEB,台北市,宿霧,桃園國際機場,宿霧機場,虎航
澄心誠意澄果旅遊OrangeTour,CEB05190328C,5,IT538,2019/04/01,02:30,2019/04/01,05:15,CEB/TPE,宿霧,台北市,宿霧機場,桃園國際機場,虎航
澄心誠意澄果旅遊OrangeTour,PPS05190328A,1,FE327,2019/03/28,15:30,2019/03/28,18:30,TPE/PPS,台北市,PUERTO PRINCE,桃園國際機場,PUERTO PRINCESA機場,遠東航空
澄心誠意澄果旅遊OrangeTour,PPS05190328A,5,FE328,2019/04/01,19:30,2019/04/01,22:30,PPS/TPE,PUERTO PRINCE,台北市,PUERTO PRINCESA機場,桃園國際機場,遠東航空
澄心誠意澄果旅遊OrangeTour,AS0690328ZZA,1,ZZZZ,2019/03/28,,2019/03/28,,/,,,,,
澄心誠意澄果旅遊OrangeTour,BKIMH90328GA,1,MH069,2019/03/28,08:00,2019/03/28,11:30,TPE/BKI,台北市,沙巴,桃園國際機場,亞庇 (沙巴)機場,馬來西亞航空
澄心誠意澄果旅遊OrangeTour,BKIMH90328GA,5,MH068,2019/04/01,17:45,2019/04/01,21:05,BKI/TPE,沙巴,台北市,亞庇 (沙巴)機場,桃園國際機場,馬來西亞航空
澄心誠意澄果旅遊OrangeTour,BWNBI90328GA,1,BI452,2019/03/28,15:30,2019/03/28,19:30,TPE/BWN,台北市,文萊,桃園國際機場,汶萊機場,汶萊航空
澄心誠意澄果旅遊OrangeTour,BWNBI90328GA,5,BI451,2019/04/01,11:00,2019/04/01,14:30,BWN/TPE,文萊,台北市,汶萊機場,桃園國際機場,汶萊航空
澄心誠意澄果旅遊OrangeTour,BWNBI90328GB,1,BI452,2019/03/28,15:30,2019/03/28,19:30,TPE/BWM,台北市,BOWMAN ND,桃園國際機場,BOWMAN機場,汶萊航空
澄心誠意澄果旅遊OrangeTour,BWNBI90328GB,5,BI541,2019/04/01,11:00,2019/04/01,14:30,BWN/TPE,文萊,台北市,汶萊機場,桃園國際機場,汶萊航空
澄心誠意澄果旅遊OrangeTour,NRTCX90328PA,1,CX450,2019/03/28,13:00,2019/03/28,17:20,TPE/NRT,台北市,成田,桃園國際機場,東京成田機場機場,國泰航空
澄心誠意澄果旅遊OrangeTour,NRTCX90328PA,5,CX451,2019/04/01,15:40,2019/04/01,18:25,NRT/TPE,成田,台北市,東京成田機場機場,桃園國際機場,國泰航空
澄心誠意澄果旅遊OrangeTour,OSACX90328PA,1,CX530,2019/03/28,12:00,2019/03/28,15:50,TPE/NGO,台北市,名古屋,桃園國際機場,名古屋機場,國泰航空
澄心誠意澄果旅遊OrangeTour,OSACX90328PA,5,CX531,2019/04/01,17:00,2019/04/01,19:05,NGO/TPE,名古屋,台北市,名古屋機場,桃園國際機場,國泰航空
澄心誠意澄果旅遊OrangeTour,AE1190328RJA,1,CX443,2019/03/28,16:10,2019/03/28,18:10,TPE/HKG,台北市,香港,桃園國際機場,香港機場,國泰航空
澄心誠意澄果旅遊OrangeTour,AE1190328RJA,1,RJ183,2019/03/28,21:35,2019/03/29,05:50,HKG/AMM,香港,安曼,香港機場,安曼機場,約旦航空
澄心誠意澄果旅遊OrangeTour,AE1190328RJA,4,RJ503,2019/03/31,11:00,2019/03/31,12:30,AMM/CAI,安曼,開羅,安曼機場,開羅機場,約旦航空
澄心誠意澄果旅遊OrangeTour,AE1190328RJA,10,RJ506,2019/04/06,18:45,2019/04/06,21:00,CAI/AMM,開羅,安曼,開羅機場,安曼機場,約旦航空
澄心誠意澄果旅遊OrangeTour,AE1190328RJA,11,RJ182,2019/04/07,02:55,2019/04/07,20:05,AMM/HKG,安曼,香港,安曼機場,香港機場,約旦航空
澄心誠意澄果旅遊OrangeTour,AE1190328RJA,11,CX408,2019/04/07,22:50,2019/04/08,00:40,HKG/TPE,香港,台北市,香港機場,桃園國際機場,國泰航空
澄心誠意澄果旅遊OrangeTour,OSACX90329PA,1,CX530,2019/03/29,12:00,2019/03/29,15:50,TPE/NGO,台北市,名古屋,桃園國際機場,名古屋機場,國泰航空
澄心誠意澄果旅遊OrangeTour,OSACX90329PA,5,CX531,2019/04/02,17:00,2019/04/02,19:05,NGO/TPE,名古屋,台北市,名古屋機場,桃園國際機場,國泰航空
澄心誠意澄果旅遊OrangeTour,CMBMH90329GA,1,MH367,2019/03/29,15:10,2019/03/29,20:05,TPE/KUL,台北市,吉隆坡,桃園國際機場,吉隆坡機場,馬來西亞航空
澄心誠意澄果旅遊OrangeTour,CMBMH90329GA,1,MH179,2019/03/29,22:10,2019/03/29,23:15,KUL/CMB,吉隆坡,COLOMBO,吉隆坡機場,可倫坡機場,馬來西亞航空
澄心誠意澄果旅遊OrangeTour,CMBMH90329GA,9,MH178,2019/04/06,00:15,2019/04/06,06:25,CMB/KUL,COLOMBO,吉隆坡,可倫坡機場,吉隆坡機場,馬來西亞航空
澄心誠意澄果旅遊OrangeTour,CMBMH90329GA,9,MH366,2019/04/06,09:25,2019/04/06,14:15,KUL/TPE,吉隆坡,台北市,吉隆坡機場,桃園國際機場,馬來西亞航空
澄心誠意澄果旅遊OrangeTour,AS0690330ZZA,1,ZZZZ,2019/03/30,,2019/03/30,,/,,,,,
澄心誠意澄果旅遊OrangeTour,NRTCX90330PA,1,CX450,2019/03/30,13:00,2019/03/30,17:20,TPE/NRT,台北市,成田,桃園國際機場,東京成田機場機場,國泰航空
澄心誠意澄果旅遊OrangeTour,NRTCX90330PA,5,CX451,2019/04/03,15:40,2019/04/03,18:25,NRT/TPE,成田,台北市,東京成田機場機場,桃園國際機場,國泰航空
澄心誠意澄果旅遊OrangeTour,KIX190330PRA,1,PR896,2019/03/30,10:25,2019/03/30,14:05,TPE/KIX,台北市,KIX,桃園國際機場,大阪關西機場,菲律賓航空
澄心誠意澄果旅遊OrangeTour,KIX190330PRA,5,PR897,2019/04/03,15:05,2019/04/03,17:25,KIX/TPE,KIX,台北市,大阪關西機場,桃園國際機場,菲律賓航空
澄心誠意澄果旅遊OrangeTour,OSACX90330PA,1,CX530,2019/03/30,12:00,2019/03/30,15:50,TPE/NGO,台北市,名古屋,桃園國際機場,名古屋機場,國泰航空
澄心誠意澄果旅遊OrangeTour,OSACX90330PA,5,CX531,2019/04/03,17:00,2019/04/03,19:05,NGO/TPE,名古屋,台北市,名古屋機場,桃園國際機場,國泰航空
澄心誠意澄果旅遊OrangeTour,ES1090331CAA,1,CA190,2019/03/31,18:00,2019/03/31,21:40,TPE/PEK,台北市,北京,桃園國際機場,北京機場,中國國際
澄心誠意澄果旅遊OrangeTour,ES1090331CAA,2,CA863,2019/04/01,02:30,2019/04/01,08:15,PEK/ATH,北京,雅典,北京機場,雅典機場,中國國際
澄心誠意澄果旅遊OrangeTour,ES1090331CAA,9,CA864,2019/04/08,14:15,2019/04/09,04:30,ATH/PEK,雅典,北京,雅典機場,北京機場,中國國際
澄心誠意澄果旅遊OrangeTour,ES1090331CAA,10,CA185,2019/04/09,08:35,2019/04/09,11:45,PEK/TPE,北京,台北市,北京機場,桃園國際機場,中國國際
澄心誠意澄果旅遊OrangeTour,BWNBI90401GA,1,BI452,2019/04/01,15:30,2019/04/01,19:30,TPE/BWN,台北市,文萊,桃園國際機場,汶萊機場,汶萊航空
澄心誠意澄果旅遊OrangeTour,BWNBI90401GA,5,BI451,2019/04/05,11:00,2019/04/05,14:30,BWN/TPE,文萊,台北市,汶萊機場,桃園國際機場,汶萊航空
澄心誠意澄果旅遊OrangeTour,BWNBI90401GB,1,BI452,2019/04/01,15:30,2019/04/01,19:30,TPE/BWM,台北市,BOWMAN ND,桃園國際機場,BOWMAN機場,汶萊航空
澄心誠意澄果旅遊OrangeTour,BWNBI90401GB,5,BI541,2019/04/05,11:00,2019/04/05,14:30,BWN/TPE,文萊,台北市,汶萊機場,桃園國際機場,汶萊航空
世興旅行社,BKK06190308C,1,XW181,2019/03/08,06:40,2019/03/08,09:30,TPE/DMK,台北市,DMK,桃園國際機場,廊曼國際機場,
世興旅行社,BKK06190308C,6,XW182,2019/03/13,02:25,2019/03/13,07:05,DMK/TPE,DMK,台北市,廊曼國際機場,桃園國際機場,
世興旅行社,BKK06190308D,1,XW181,2019/03/08,06:05,2019/03/08,08:55,TPE/DMK,台北市,DMK,桃園國際機場,廊曼國際機場,
世興旅行社,BKK06190308D,6,XW182,2019/03/13,02:25,2019/03/13,07:05,DMK/TPE,DMK,台北市,廊曼國際機場,桃園國際機場,
世興旅行社,MIL11190308A,1,CA196,2019/03/08,15:00,2019/03/08,17:00,TPE/PVG,台北市,上海,桃園國際機場,上海浦東機場機場,中國國際
世興旅行社,MIL11190308A,2,CA967,2019/03/09,01:30,2019/03/09,07:15,PVG/MXP,上海,米蘭,上海浦東機場機場,米蘭機場,中國國際
世興旅行社,MIL11190308A,10,CA968,2019/03/17,11:30,2019/03/17,05:50,MXP/PVG,米蘭,上海,米蘭機場,上海浦東機場機場,中國國際
世興旅行社,MIL11190308A,11,CA195,2019/03/18,12:05,2019/03/18,14:00,PVG/TPE,上海,台北市,上海浦東機場機場,桃園國際機場,中國國際
世興旅行社,AKL10190308A,1,CI053,2019/03/08,23:25,2019/03/09,18:40,TPE/AKL,台北市,奧克蘭,桃園國際機場,奧克蘭機場,中華航空
世興旅行社,AKL10190308A,9,CI054,2019/03/16,20:45,2019/03/17,06:00,AKL/TPE,奧克蘭,台北市,奧克蘭機場,桃園國際機場,中華航空
世興旅行社,YNT05190309A,1,SC4078,2019/03/09,19:50,2019/03/09,22:20,TPE/YNT,台北市,煙台,桃園國際機場,煙台機場,山東航空
世興旅行社,YNT05190309A,5,SC4077,2019/03/13,16:20,2019/03/13,18:50,YNT/TPE,煙台,台北市,煙台機場,桃園國際機場,山東航空
世興旅行社,HAN05190309C,1,VJ949,2019/03/09,17:35,2019/03/09,19:25,RMQ/HAN,台中清泉岡機場,河內,台中清泉岡機場,河內機場,越捷航空
世興旅行社,HAN05190309C,5,VJ948,2019/03/13,13:05,2019/03/13,16:35,HAN/RMQ,河內,台中清泉岡機場,河內機場,台中清泉岡機場,越捷航空
世興旅行社,HAN05190309D,1,VJ949,2019/03/09,17:35,2019/03/09,19:25,RMQ/HAN,台中清泉岡機場,河內,台中清泉岡機場,河內機場,越捷航空
世興旅行社,HAN05190309D,5,VJ948,2019/03/13,13:05,2019/03/13,16:35,HAN/RMQ,河內,台中清泉岡機場,河內機場,台中清泉岡機場,越捷航空
世興旅行社,CEB04190309A,1,IT537,2019/03/09,22:35,2019/03/10,01:30,TPE/CEB,台北市,宿霧,桃園國際機場,宿霧機場,台虎
世興旅行社,CEB04190309A,5,IT538,2019/03/13,02:30,2019/03/13,05:15,CEB/TPE,宿霧,台北市,宿霧機場,桃園國際機場,台虎
世興旅行社,CEB04190309B,1,IT537,2019/03/09,22:35,2019/03/10,01:30,TPE/CEB,台北市,宿霧,桃園國際機場,宿霧機場,台虎
世興旅行社,CEB04190309B,5,IT538,2019/03/13,02:30,2019/03/13,05:15,CEB/TPE,宿霧,台北市,宿霧機場,桃園國際機場,台虎
世興旅行社,BKK05190309A,1,VZ561,2019/03/09,14:30,2019/03/09,17:15,RMQ/BKK,台中清泉岡機場,曼谷,台中清泉岡機場,曼谷機場,泰越捷航空
世興旅行社,BKK05190309A,5,VZ560,2019/03/13,09:00,2019/03/13,13:45,BKK/RMQ,曼谷,台中清泉岡機場,曼谷機場,台中清泉岡機場,泰越捷航空
世興旅行社,HAN05190309E,1,VJ949,2019/03/09,17:35,2019/03/09,19:25,RMQ/HAN,台中清泉岡機場,河內,台中清泉岡機場,河內機場,越捷航空
世興旅行社,HAN05190309E,5,VJ948,2019/03/13,13:05,2019/03/13,16:35,HAN/RMQ,河內,台中清泉岡機場,河內機場,台中清泉岡機場,越捷航空
世興旅行社,YNT08190309A,1,SC4078,2019/03/09,19:50,2019/03/09,22:35,TPE/YNT,台北市,煙台,桃園國際機場,煙台機場,山東航空
世興旅行社,YNT08190309A,4,SC4873,2019/03/12,06:30,2019/03/12,07:35,YNT/TNA,煙台,濟南,煙台機場,濟南機場,山東航空
世興旅行社,YNT08190309A,8,SC4077,2019/03/16,16:20,2019/03/16,18:50,YNT/TPE,煙台,台北市,煙台機場,桃園國際機場,山東航空
世興旅行社,YNT08190309B,1,SC4078,2019/03/09,19:50,2019/03/09,22:35,TPE/YNT,台北市,煙台,桃園國際機場,煙台機場,山東航空
世興旅行社,YNT08190309B,4,SC4873,2019/03/12,06:30,2019/03/12,07:35,YNT/TNA,煙台,濟南,煙台機場,濟南機場,山東航空
世興旅行社,YNT08190309B,8,SC4077,2019/03/16,16:20,2019/03/16,18:50,YNT/TPE,煙台,台北市,煙台機場,桃園國際機場,山東航空
世興旅行社,MFM04190309A,1,BR819,2019/03/09,15:15,2019/03/09,17:05,RMQ/MFM,台中清泉岡機場,澳門,台中清泉岡機場,澳門機場,長榮航空
世興旅行社,MFM04190309A,4,BR820,2019/03/12,19:30,2019/03/12,21:05,MFM/RMQ,澳門,台中清泉岡機場,澳門機場,台中清泉岡機場,長榮航空
世興旅行社,HAK05190309A,1,HU7948,2019/03/09,18:50,2019/03/09,21:10,TPE/HAK,台北市,海口,桃園國際機場,海口機場,海南航空
世興旅行社,HAK05190309A,5,HU7947,2019/03/13,15:30,2019/03/13,17:50,HAK/TPE,海口,台北市,海口機場,桃園國際機場,海南航空
世興旅行社,CEB04190309C,1,IT537,2019/03/09,22:35,2019/03/10,01:30,TPE/CEB,台北市,宿霧,桃園國際機場,宿霧機場,台虎
世興旅行社,CEB04190309C,5,IT538,2019/03/13,02:30,2019/03/13,05:15,CEB/TPE,宿霧,台北市,宿霧機場,桃園國際機場,台虎
世興旅行社,BKK05190309B,1,TG633,2019/03/09,13:55,2019/03/09,16:50,TPE/BKK,台北市,曼谷,桃園國際機場,曼谷機場,泰國航空
世興旅行社,BKK05190309B,5,TG636,2019/03/13,17:40,2019/03/13,22:10,BKK/TPE,曼谷,台北市,曼谷機場,桃園國際機場,泰國航空
世興旅行社,BKK05190309C,1,TG633,2019/03/09,13:55,2019/03/09,16:50,TPE/BKK,台北市,曼谷,桃園國際機場,曼谷機場,泰國航空
世興旅行社,BKK05190309C,5,TG636,2019/03/13,17:40,2019/03/13,22:10,BKK/TPE,曼谷,台北市,曼谷機場,桃園國際機場,泰國航空
世興旅行社,IST11190309A,1,CX565,2019/03/09,19:30,2019/03/09,21:30,TPE/HKG,台北市,香港,桃園國際機場,香港機場,國泰航空
世興旅行社,IST11190309A,2,QR815,2019/03/10,00:50,2019/03/10,05:35,HKG/DOH,香港,杜哈,香港機場,杜哈機場,卡達航空
世興旅行社,IST11190309A,2,QR243,2019/03/10,07:15,2019/03/10,12:00,DOH/SAW,杜哈,薩比哈·格克琴國際機場,杜哈機場,SABIHA GOKCEN機場,卡達航空
世興旅行社,IST11190309A,10,QR246,2019/03/18,19:40,2019/03/18,23:45,IST/DOH,伊斯坦堡,杜哈,伊斯坦堡機場,杜哈機場,卡達航空
世興旅行社,IST11190309A,11,QR818,2019/03/19,02:00,2019/03/19,14:30,DOH/HKG,杜哈,香港,杜哈機場,香港機場,卡達航空
世興旅行社,IST11190309A,11,CX470,2019/03/19,17:45,2019/03/19,19:35,HKG/TPE,香港,台北市,香港機場,桃園國際機場,國泰航空
世興旅行社,ESA12190309A,1,CA190,2019/03/09,18:45,2019/03/09,22:20,TPE/PEK,台北市,北京,桃園國際機場,北京機場,中國國際
世興旅行社,ESA12190309A,2,CA907,2019/03/10,01:10,2019/03/10,05:55,PEK/MAD,北京,馬德里,北京機場,馬德里機場,中國國際
世興旅行社,ESA12190309A,11,CA840,2019/03/19,11:15,2019/03/19,06:35,BCN/PVG,巴賽隆那,上海,巴塞隆納機場,上海浦東機場機場,中國國際
世興旅行社,ESA12190309A,12,CA195,2019/03/20,12:05,2019/03/20,14:00,PVG/TPE,上海,台北市,上海浦東機場機場,桃園國際機場,中國國際
世興旅行社,CDG08190309A,1,BR075,2019/03/09,08:30,2019/03/09,19:35,TPE/AMS,台北市,阿姆斯特丹,桃園國際機場,阿姆斯特丹機場,長榮航空
世興旅行社,CDG08190309A,7,BR088,2019/03/15,11:20,2019/03/16,06:30,CDG/TPE,巴黎戴高樂機場,台北市,巴黎機場,桃園國際機場,長榮航空
世興旅行社,SEL05190310C,1,OZ712,2019/03/10,13:00,2019/03/10,16:30,TPE/ICN,台北市,ICN,桃園國際機場,漢城(仁川機場)機場,韓亞航空
世興旅行社,SEL05190310C,5,OZ711,2019/03/14,09:45,2019/03/14,11:30,ICN/TPE,ICN,台北市,漢城(仁川機場)機場,桃園國際機場,韓亞航空
世興旅行社,BKK06190310D,1,VZ561,2019/03/10,14:30,2019/03/10,17:15,RMQ/BKK,台中清泉岡機場,曼谷,台中清泉岡機場,曼谷機場,泰越捷航空
世興旅行社,BKK06190310D,6,VZ560,2019/03/15,09:00,2019/03/15,13:45,BKK/RMQ,曼谷,台中清泉岡機場,曼谷機場,台中清泉岡機場,泰越捷航空
世興旅行社,YNT08190310A,1,SC4078,2019/03/10,19:50,2019/03/10,22:35,TPE/YNT,台北市,煙台,桃園國際機場,煙台機場,山東航空
世興旅行社,YNT08190310A,8,SC4077,2019/03/17,16:20,2019/03/17,18:50,YNT/TPE,煙台,台北市,煙台機場,桃園國際機場,山東航空
世興旅行社,BKK06190310E,1,VZ561,2019/03/10,14:30,2019/03/10,17:15,RMQ/BKK,台中清泉岡機場,曼谷,台中清泉岡機場,曼谷機場,泰越捷航空
世興旅行社,BKK06190310E,6,VZ560,2019/03/15,09:00,2019/03/15,13:45,BKK/RMQ,曼谷,台中清泉岡機場,曼谷機場,台中清泉岡機場,泰越捷航空
世興旅行社,YNT08190310B,1,SC4078,2019/03/10,19:50,2019/03/10,22:35,TPE/YNT,台北市,煙台,桃園國際機場,煙台機場,山東航空
世興旅行社,YNT08190310B,4,SC4873,2019/03/13,06:30,2019/03/13,07:35,YNT/TNA,煙台,濟南,煙台機場,濟南機場,山東航空
世興旅行社,YNT08190310B,8,SC4077,2019/03/17,16:20,2019/03/17,18:50,YNT/TPE,煙台,台北市,煙台機場,桃園國際機場,山東航空
世興旅行社,CEB05190310B,1,IT537,2019/03/10,22:35,2019/03/11,01:30,TPE/CEB,台北市,宿霧,桃園國際機場,宿霧機場,台虎
世興旅行社,CEB05190310B,6,IT538,2019/03/15,02:30,2019/03/15,05:15,CEB/TPE,宿霧,台北市,宿霧機場,桃園國際機場,台虎
世興旅行社,OSA05190310C,1,IT212,2019/03/10,13:55,2019/03/10,17:40,TPE/KIX,台北市,大阪關西,桃園國際機場,大阪關西機場機場,台虎
世興旅行社,OSA05190310C,5,IT213,2019/03/14,18:30,2019/03/14,20:25,KIX/TPE,大阪關西,台北市,大阪關西機場機場,桃園國際機場,台虎
世興旅行社,DEL08190310A,1,CI181,2019/03/10,07:10,2019/03/10,11:40,TPE/DEL,台北市,德里,桃園國際機場,德里機場,中華航空
世興旅行社,DEL08190310A,8,CI182,2019/03/17,13:35,2019/03/17,22:25,DEL/TPE,德里,台北市,德里機場,桃園國際機場,中華航空
世興旅行社,TAS07190310A,1,OZ714,2019/03/10,16:15,2019/03/10,20:00,TPE/ICN,台北市,ICN,桃園國際機場,漢城(仁川機場)機場,韓亞航空
世興旅行社,TAS07190310A,2,OZ573,2019/03/11,16:55,2019/03/11,20:20,ICN/TAS,ICN,塔什干,漢城(仁川機場)機場,塔什干機場,韓亞航空
世興旅行社,TAS07190310A,6,OZ574,2019/03/15,22:50,2019/03/16,09:05,TAS/ICN,塔什干,ICN,塔什干機場,漢城(仁川機場)機場,韓亞航空
世興旅行社,TAS07190310A,7,OZ713,2019/03/16,14:00,2019/03/16,15:45,ICN/TPE,ICN,台北市,漢城(仁川機場)機場,桃園國際機場,韓亞航空
世興旅行社,HAN05190311E,1,VJ949,2019/03/11,17:35,2019/03/11,19:25,RMQ/HAN,台中清泉岡機場,河內,台中清泉岡機場,河內機場,越捷航空
世興旅行社,HAN05190311E,5,VJ948,2019/03/15,13:05,2019/03/15,16:35,HAN/RMQ,河內,台中清泉岡機場,河內機場,台中清泉岡機場,越捷航空
世興旅行社,HAN05190311D,1,VJ949,2019/03/11,17:35,2019/03/11,19:25,RMQ/HAN,台中清泉岡機場,河內,台中清泉岡機場,河內機場,越捷航空
世興旅行社,HAN05190311D,5,VJ948,2019/03/15,13:05,2019/03/15,16:35,HAN/RMQ,河內,台中清泉岡機場,河內機場,台中清泉岡機場,越捷航空
世興旅行社,MFM04190311A,1,BR819,2019/03/11,15:15,2019/03/11,17:05,RMQ/MFM,台中清泉岡機場,澳門,台中清泉岡機場,澳門機場,長榮航空
世興旅行社,MFM04190311A,4,BR820,2019/03/14,19:30,2019/03/14,21:05,MFM/RMQ,澳門,台中清泉岡機場,澳門機場,台中清泉岡機場,長榮航空
世興旅行社,HAN05190311F,1,VJ949,2019/03/11,17:35,2019/03/11,19:25,RMQ/HAN,台中清泉岡機場,河內,台中清泉岡機場,河內機場,越捷航空
世興旅行社,HAN05190311F,5,VJ948,2019/03/15,13:05,2019/03/15,16:35,HAN/RMQ,河內,台中清泉岡機場,河內機場,台中清泉岡機場,越捷航空
世興旅行社,OKA04190311C,1,IT232,2019/03/11,18:20,2019/03/11,20:50,TPE/OKA,台北市,沖繩,桃園國際機場,沖繩機場,台虎
世興旅行社,OKA04190311C,4,IT233,2019/03/14,21:40,2019/03/14,22:10,OKA/TPE,沖繩,台北市,沖繩機場,桃園國際機場,台虎
世興旅行社,HAN05190311C,1,AE1855,2019/03/11,07:30,2019/03/11,09:20,RMQ/HAN,台中清泉岡機場,河內,台中清泉岡機場,河內機場,華信航空
世興旅行社,HAN05190311C,5,AE1856,2019/03/15,10:10,2019/03/15,13:45,HAN/RMQ,河內,台中清泉岡機場,河內機場,台中清泉岡機場,華信航空
世興旅行社,CEB05190311A,1,BR281,2019/03/11,07:10,2019/03/11,10:05,TPE/CEB,台北市,宿霧,桃園國際機場,宿霧機場,長榮航空
世興旅行社,CEB05190311A,5,BR282,2019/03/15,11:05,2019/03/15,14:00,CEB/TPE,宿霧,台北市,宿霧機場,桃園國際機場,長榮航空
世興旅行社,CEB05190311B,1,BR281,2019/03/11,07:10,2019/03/11,10:05,TPE/CEB,台北市,宿霧,桃園國際機場,宿霧機場,長榮航空
世興旅行社,CEB05190311B,5,BR282,2019/03/15,11:05,2019/03/15,14:00,CEB/TPE,宿霧,台北市,宿霧機場,桃園國際機場,長榮航空
世興旅行社,CEB05190311C,1,BR281,2019/03/11,07:10,2019/03/11,10:05,TPE/CEB,台北市,宿霧,桃園國際機場,宿霧機場,長榮航空
世興旅行社,CEB05190311C,5,BR282,2019/03/15,11:05,2019/03/15,14:00,CEB/TPE,宿霧,台北市,宿霧機場,桃園國際機場,長榮航空
世興旅行社,EEA10190311A,1,CA186,2019/03/11,13:15,2019/03/11,16:35,TPE/PEK,台北市,北京,桃園國際機場,北京機場,中國國際
世興旅行社,EEA10190311A,2,CA841,2019/03/12,02:50,2019/03/12,06:05,PEK/VIE,北京,維也納,北京機場,維也納機場,中國國際
世興旅行社,EEA10190311A,9,CA842,2019/03/19,13:10,2019/03/19,05:35,VIE/PEK,維也納,北京,維也納機場,北京機場,中國國際
世興旅行社,EEA10190311A,10,CA185,2019/03/20,08:30,2019/03/20,11:40,PEK/TPE,北京,台北市,北京機場,桃園國際機場,中國國際
世興旅行社,YNT05190312A,1,SC4078,2019/03/12,19:50,2019/03/12,22:20,TPE/YNT,台北市,煙台,桃園國際機場,煙台機場,山東航空
世興旅行社,YNT05190312A,5,SC4077,2019/03/16,16:20,2019/03/16,18:50,YNT/TPE,煙台,台北市,煙台機場,桃園國際機場,山東航空
世興旅行社,CEB05190312A,1,IT537,2019/03/12,22:35,2019/03/13,01:30,TPE/CEB,台北市,宿霧,桃園國際機場,宿霧機場,台虎
世興旅行社,CEB05190312A,6,IT538,2019/03/17,02:30,2019/03/17,05:15,CEB/TPE,宿霧,台北市,宿霧機場,桃園國際機場,台虎
世興旅行社,INC08190312A,1,MU2002,2019/03/12,19:45,2019/03/12,23:45,TPE/INC,台北市,銀川,桃園國際機場,銀川機場,中國東方航空
世興旅行社,INC08190312A,8,MU2001,2019/03/19,15:00,2019/03/19,18:45,INC/TPE,銀川,台北市,銀川機場,桃園國際機場,中國東方航空
世興旅行社,CEB05190312B,1,IT537,2019/03/12,22:35,2019/03/13,01:30,TPE/CEB,台北市,宿霧,桃園國際機場,宿霧機場,台虎
世興旅行社,CEB05190312B,6,IT538,2019/03/17,02:30,2019/03/17,05:15,CEB/TPE,宿霧,台北市,宿霧機場,桃園國際機場,台虎
世興旅行社,KLO05190312A,1,5J097,2019/03/12,00:25,2019/03/12,03:00,TPE/KLO,台北市,長灘島,桃園國際機場,KALIBO機場,宿霧太平洋航空
世興旅行社,KLO05190312A,5,5J096,2019/03/16,21:00,2019/03/16,23:35,KLO/TPE,長灘島,台北市,KALIBO機場,桃園國際機場,宿霧太平洋航空
世興旅行社,CEB05190312C,1,IT537,2019/03/12,22:35,2019/03/13,01:30,TPE/CEB,台北市,宿霧,桃園國際機場,宿霧機場,台虎
世興旅行社,CEB05190312C,6,IT538,2019/03/17,02:30,2019/03/17,05:15,CEB/TPE,宿霧,台北市,宿霧機場,桃園國際機場,台虎
世興旅行社,CDG10190312A,1,MU5008,2019/03/12,15:00,2019/03/12,17:10,TPE/PVG,台北市,上海,桃園國際機場,上海浦東機場機場,中國東方航空
世興旅行社,CDG10190312A,2,MU553,2019/03/13,00:05,2019/03/13,05:30,PVG/CDG,上海,巴黎戴高樂機場,上海浦東機場機場,巴黎機場,中國東方航空
世興旅行社,CDG10190312A,9,MU554,2019/03/20,12:25,2019/03/21,07:00,CDG/PVG,巴黎戴高樂機場,上海,巴黎機場,上海浦東機場機場,中國東方航空
世興旅行社,CDG10190312A,10,FM801,2019/03/21,09:10,2019/03/21,11:05,PVG/TSA,上海,TSA,上海浦東機場機場,台北松山機場,上海航空
世興旅行社,SYX05190313D,1,3U8280,2019/03/13,19:45,2019/03/13,22:10,RMQ/SYX,台中清泉岡機場,三亞,台中清泉岡機場,三亞機場,四川省航空
世興旅行社,SYX05190313D,5,3U8279,2019/03/17,16:15,2019/03/17,18:45,SYX/RMQ,三亞,台中清泉岡機場,三亞機場,台中清泉岡機場,四川省航空
世興旅行社,YNT05190313A,1,SC4078,2019/03/13,19:50,2019/03/13,22:20,TPE/YNT,台北市,煙台,桃園國際機場,煙台機場,山東航空
世興旅行社,YNT05190313A,5,SC4077,2019/03/17,16:20,2019/03/17,18:50,YNT/TPE,煙台,台北市,煙台機場,桃園國際機場,山東航空
世興旅行社,HAN05190313C,1,VJ949,2019/03/13,17:35,2019/03/13,19:25,RMQ/HAN,台中清泉岡機場,河內,台中清泉岡機場,河內機場,越捷航空
世興旅行社,HAN05190313C,5,VJ948,2019/03/17,13:05,2019/03/17,16:35,HAN/RMQ,河內,台中清泉岡機場,河內機場,台中清泉岡機場,越捷航空
世興旅行社,HAN05190313D,1,VJ949,2019/03/13,17:35,2019/03/13,19:25,RMQ/HAN,台中清泉岡機場,河內,台中清泉岡機場,河內機場,越捷航空
世興旅行社,HAN05190313D,5,VJ948,2019/03/17,13:05,2019/03/17,16:35,HAN/RMQ,河內,台中清泉岡機場,河內機場,台中清泉岡機場,越捷航空
世興旅行社,MFM04190313A,1,BR815,2019/03/13,09:50,2019/03/13,11:40,RMQ/MFM,台中清泉岡機場,澳門,台中清泉岡機場,澳門機場,長榮航空
世興旅行社,MFM04190313A,4,BR816,2019/03/16,12:40,2019/03/16,14:15,MFM/RMQ,澳門,台中清泉岡機場,澳門機場,台中清泉岡機場,長榮航空
世興旅行社,SEL05190313A,1,BR160,2019/03/13,15:15,2019/03/13,18:45,TPE/ICN,台北市,ICN,桃園國際機場,漢城(仁川機場)機場,長榮航空
世興旅行社,SEL05190313A,5,BR159,2019/03/17,19:45,2019/03/17,21:40,ICN/TPE,ICN,台北市,漢城(仁川機場)機場,桃園國際機場,長榮航空
世興旅行社,BKK06190313D,1,VZ561,2019/03/13,14:30,2019/03/13,17:15,RMQ/BKK,台中清泉岡機場,曼谷,台中清泉岡機場,曼谷機場,泰越捷航空
世興旅行社,BKK06190313D,6,VZ560,2019/03/18,09:00,2019/03/18,13:45,BKK/RMQ,曼谷,台中清泉岡機場,曼谷機場,台中清泉岡機場,泰越捷航空
世興旅行社,CGO06190313A,1,CZ3024,2019/03/13,11:50,2019/03/13,14:20,TPE/CGO,台北市,鄭州,桃園國際機場,鄭州機場,中國南方航空
世興旅行社,CGO06190313A,6,CZ3023,2019/03/18,08:20,2019/03/18,10:50,CGO/TPE,鄭州,台北市,鄭州機場,桃園國際機場,中國南方航空
世興旅行社,HAN05190313E,1,VJ949,2019/03/13,17:35,2019/03/13,19:25,RMQ/HAN,台中清泉岡機場,河內,台中清泉岡機場,河內機場,越捷航空
世興旅行社,HAN05190313E,5,VJ948,2019/03/17,13:05,2019/03/17,16:35,HAN/RMQ,河內,台中清泉岡機場,河內機場,台中清泉岡機場,越捷航空
世興旅行社,OKA04190313C,1,IT232,2019/03/13,18:20,2019/03/13,20:50,TPE/OKA,台北市,沖繩,桃園國際機場,沖繩機場,台虎
世興旅行社,OKA04190313C,4,IT233,2019/03/16,21:40,2019/03/16,22:10,OKA/TPE,沖繩,台北市,沖繩機場,桃園國際機場,台虎
世興旅行社,BKK06190313E,1,VZ561,2019/03/13,14:30,2019/03/13,17:15,RMQ/BKK,台中清泉岡機場,曼谷,台中清泉岡機場,曼谷機場,泰越捷航空
世興旅行社,BKK06190313E,6,VZ560,2019/03/18,09:00,2019/03/18,13:45,BKK/RMQ,曼谷,台中清泉岡機場,曼谷機場,台中清泉岡機場,泰越捷航空
世興旅行社,YNT08190313A,1,SC4078,2019/03/13,19:50,2019/03/13,22:35,TPE/YNT,台北市,煙台,桃園國際機場,煙台機場,山東航空
世興旅行社,YNT08190313A,4,SC4873,2019/03/16,06:30,2019/03/16,07:35,YNT/TNA,煙台,濟南,煙台機場,濟南機場,山東航空
世興旅行社,YNT08190313A,8,SC4077,2019/03/20,16:20,2019/03/20,18:50,YNT/TPE,煙台,台北市,煙台機場,桃園國際機場,山東航空
世興旅行社,BKK06190313C,1,VZ561,2019/03/13,14:30,2019/03/13,17:15,RMQ/BKK,台中清泉岡機場,曼谷,台中清泉岡機場,曼谷機場,泰越捷航空
世興旅行社,BKK06190313C,6,VZ560,2019/03/18,09:00,2019/03/18,13:45,BKK/RMQ,曼谷,台中清泉岡機場,曼谷機場,台中清泉岡機場,泰越捷航空
世興旅行社,KIJ04190313B,1,FE622,2019/03/13,11:00,2019/03/13,15:00,TPE/KIJ,台北市,新瀉,桃園國際機場,新瀉機場,遠東航空
世興旅行社,KIJ04190313B,4,FE621,2019/03/16,16:00,2019/03/16,18:55,KIJ/TPE,新瀉,台北市,新瀉機場,桃園國際機場,遠東航空
世興旅行社,BKK05190313A,1,TG633,2019/03/13,13:55,2019/03/13,16:50,TPE/BKK,台北市,曼谷,桃園國際機場,曼谷機場,泰國航空
世興旅行社,BKK05190313A,5,TG636,2019/03/17,17:40,2019/03/17,22:10,BKK/TPE,曼谷,台北市,曼谷機場,桃園國際機場,泰國航空
世興旅行社,KIJ04190313A,1,FE622,2019/03/13,10:00,2019/03/13,15:00,TPE/KIJ,台北市,新瀉,桃園國際機場,新瀉機場,遠東航空
世興旅行社,KIJ04190313A,4,FE621,2019/03/16,16:00,2019/03/16,18:00,KIJ/TPE,新瀉,台北市,新瀉機場,桃園國際機場,遠東航空
世興旅行社,BKK05190313B,1,TG633,2019/03/13,13:55,2019/03/13,16:50,TPE/BKK,台北市,曼谷,桃園國際機場,曼谷機場,泰國航空
世興旅行社,BKK05190313B,5,TG636,2019/03/17,17:40,2019/03/17,22:10,BKK/TPE,曼谷,台北市,曼谷機場,桃園國際機場,泰國航空
世興旅行社,NGO05190313A,1,IT206,2019/03/13,08:45,2019/03/13,12:25,TPE/NGO,台北市,名古屋,桃園國際機場,名古屋機場,台虎
世興旅行社,NGO05190313A,5,IT253,2019/03/17,16:45,2019/03/17,19:25,KMQ/TPE,小松,台北市,小松機場,桃園國際機場,台虎
世興旅行社,CDG10190313A,1,MU5006,2019/03/13,18:40,2019/03/13,20:25,TPE/PVG,台北市,上海,桃園國際機場,上海浦東機場機場,中國東方航空
世興旅行社,CDG10190313A,2,MU553,2019/03/14,00:05,2019/03/14,05:30,PVG/CDG,上海,巴黎戴高樂機場,上海浦東機場機場,巴黎機場,中國東方航空
世興旅行社,CDG10190313A,9,MU554,2019/03/21,12:25,2019/03/22,07:00,CDG/PVG,巴黎戴高樂機場,上海,巴黎機場,上海浦東機場機場,中國東方航空
世興旅行社,CDG10190313A,10,FM801,2019/03/22,09:10,2019/03/22,11:05,PVG/TSA,上海,TSA,上海浦東機場機場,台北松山機場,上海航空
世興旅行社,SPU12190313A,1,CA186,2019/03/13,13:15,2019/03/13,16:35,TPE/PEK,台北市,北京,桃園國際機場,北京機場,中國國際
世興旅行社,SPU12190313A,2,CA961,2019/03/14,02:00,2019/03/14,05:20,PEK/MUC,北京,慕尼黑,北京機場,慕尼黑機場,中國國際
世興旅行社,SPU12190313A,11,CA962,2019/03/23,12:05,2019/03/24,04:45,MUC/PEK,慕尼黑,北京,慕尼黑機場,北京機場,中國國際
世興旅行社,SPU12190313A,12,CA185,2019/03/24,08:30,2019/03/24,11:40,PEK/TPE,北京,台北市,北京機場,桃園國際機場,中國國際
世興旅行社,MOW10190313A,1,MU5006,2019/03/13,18:40,2019/03/13,20:25,TPE/PVG,台北市,上海,桃園國際機場,上海浦東機場機場,中國東方航空
世興旅行社,MOW10190313A,2,MU591,2019/03/14,09:00,2019/03/14,14:20,PVG/MOW,上海,莫斯科,上海浦東機場機場,莫斯科機場,中國東方航空
世興旅行社,MOW10190313A,9,MU592,2019/03/21,16:20,2019/03/22,06:10,MOW/PVG,莫斯科,上海,莫斯科機場,上海浦東機場機場,中國東方航空
世興旅行社,MOW10190313A,10,MU5007,2019/03/22,12:15,2019/03/22,14:00,PVG/TPE,上海,台北市,上海浦東機場機場,桃園國際機場,中國東方航空
世興旅行社,SEL04190314A,1,BR188,2019/03/14,07:25,2019/03/14,10:55,RMQ/ICN,台中清泉岡機場,ICN,台中清泉岡機場,漢城(仁川機場)機場,長榮航空
世興旅行社,SEL04190314A,4,BR187,2019/03/17,12:10,2019/03/17,14:10,ICN/RMQ,ICN,台中清泉岡機場,漢城(仁川機場)機場,台中清泉岡機場,長榮航空
世興旅行社,SEL05190314D,1,OZ712,2019/03/14,13:00,2019/03/14,16:30,TPE/ICN,台北市,ICN,桃園國際機場,漢城(仁川機場)機場,韓亞航空
世興旅行社,SEL05190314D,5,OZ711,2019/03/18,09:45,2019/03/18,11:30,ICN/TPE,ICN,台北市,漢城(仁川機場)機場,桃園國際機場,韓亞航空
世興旅行社,SEL05190314A,1,B7170,2019/03/14,06:55,2019/03/14,10:20,TPE/ICN,台北市,ICN,桃園國際機場,漢城(仁川機場)機場,立榮航空
世興旅行社,SEL05190314A,5,BR169,2019/03/18,11:40,2019/03/18,13:30,ICN/TPE,ICN,台北市,漢城(仁川機場)機場,桃園國際機場,長榮航空
世興旅行社,CEB04190314A,1,IT537,2019/03/14,22:35,2019/03/15,01:30,TPE/CEB,台北市,宿霧,桃園國際機場,宿霧機場,台虎
世興旅行社,CEB04190314A,5,IT538,2019/03/18,02:30,2019/03/18,05:15,CEB/TPE,宿霧,台北市,宿霧機場,桃園國際機場,台虎
世興旅行社,SEL05190314B,1,B7170,2019/03/14,06:55,2019/03/14,10:20,TPE/ICN,台北市,ICN,桃園國際機場,漢城(仁川機場)機場,立榮航空
世興旅行社,SEL05190314B,5,BR169,2019/03/18,11:40,2019/03/18,13:30,ICN/TPE,ICN,台北市,漢城(仁川機場)機場,桃園國際機場,長榮航空
世興旅行社,CEB04190314B,1,IT537,2019/03/14,22:35,2019/03/15,01:30,TPE/CEB,台北市,宿霧,桃園國際機場,宿霧機場,台虎
世興旅行社,CEB04190314B,5,IT538,2019/03/18,02:30,2019/03/18,05:15,CEB/TPE,宿霧,台北市,宿霧機場,桃園國際機場,台虎
世興旅行社,FKS04190314A,1,FE8638,2019/03/14,05:00,2019/03/14,09:00,TPE/FKS,台北市,福島,桃園國際機場,福島機場,遠東航空
世興旅行社,FKS04190314A,4,FE8637,2019/03/17,19:30,2019/03/17,22:30,FKS/TPE,福島,台北市,福島機場,桃園國際機場,遠東航空
世興旅行社,CEB04190314C,1,IT537,2019/03/14,22:35,2019/03/15,01:30,TPE/CEB,台北市,宿霧,桃園國際機場,宿霧機場,台虎
世興旅行社,CEB04190314C,5,IT538,2019/03/18,02:30,2019/03/18,05:15,CEB/TPE,宿霧,台北市,宿霧機場,桃園國際機場,台虎
世興旅行社,OSA05190314D,1,IT212,2019/03/14,13:55,2019/03/14,17:40,TPE/KIX,台北市,大阪關西,桃園國際機場,大阪關西機場機場,台虎
世興旅行社,OSA05190314D,5,IT213,2019/03/18,18:30,2019/03/18,20:25,KIX/TPE,大阪關西,台北市,大阪關西機場機場,桃園國際機場,台虎
世興旅行社,WAW08190314A,1,CA190,2019/03/14,18:45,2019/03/14,22:20,TPE/PEK,台北市,北京,桃園國際機場,北京機場,中國國際
世興旅行社,WAW08190314A,2,CA737,2019/03/15,03:50,2019/03/15,06:20,PEK/WAW,北京,華沙,北京機場,華沙機場,中國國際
世興旅行社,WAW08190314A,7,CA738,2019/03/20,13:10,2019/03/21,04:50,WAW/PEK,華沙,北京,華沙機場,北京機場,中國國際
世興旅行社,WAW08190314A,8,CA185,2019/03/21,08:30,2019/03/21,11:45,PEK/TPE,北京,台北市,北京機場,桃園國際機場,中國國際
世興旅行社,TXL10190314A,1,TR899,2019/03/14,16:10,2019/03/14,20:45,TPE/SIN,台北市,新加坡,桃園國際機場,新加坡機場,
世興旅行社,TXL10190314A,2,TR734,2019/03/15,01:10,2019/03/15,07:20,SIN/TXL,新加坡,BERLIN/TEGEL,新加坡機場,BERLIN TEGEL機場,
世興旅行社,TXL10190314A,9,TR735,2019/03/22,09:40,2019/03/23,04:25+1,TXL/SIN,BERLIN/TEGEL,新加坡,BERLIN TEGEL機場,新加坡機場,
世興旅行社,TXL10190314A,10,TR892,2019/03/23,05:55,2019/03/23,10:30,SIN/TPE,新加坡,台北市,新加坡機場,桃園國際機場,
世興旅行社,MOW08190314A,1,MU5006,2019/03/14,18:25,2019/03/14,20:15,TPE/PVG,台北市,上海,桃園國際機場,上海浦東機場機場,中國東方航空
世興旅行社,MOW08190314A,2,MU591,2019/03/15,11:55,2019/03/15,17:00,PVG/MOW,上海,莫斯科,上海浦東機場機場,莫斯科機場,中國東方航空
世興旅行社,MOW08190314A,7,MU592,2019/03/20,19:05,2019/03/21,09:00,MOW/PVG,莫斯科,上海,莫斯科機場,上海浦東機場機場,中國東方航空
世興旅行社,MOW08190314A,8,MU5007,2019/03/21,12:30,2019/03/21,14:00,PVG/TPE,上海,台北市,上海浦東機場機場,桃園國際機場,中國東方航空
世興旅行社,SPU12190314A,1,CA186,2019/03/14,13:15,2019/03/14,16:35,TPE/PEK,台北市,北京,桃園國際機場,北京機場,中國國際
世興旅行社,SPU12190314A,2,CA961,2019/03/15,02:00,2019/03/15,05:20,PEK/MUC,北京,慕尼黑,北京機場,慕尼黑機場,中國國際
世興旅行社,SPU12190314A,11,CA828,2019/03/24,12:40,2019/03/25,05:50,MUC/PVG,慕尼黑,上海,慕尼黑機場,上海浦東機場機場,中國國際
世興旅行社,SPU12190314A,12,CA195,2019/03/25,11:30,2019/03/25,13:25,PVG/TPE,上海,台北市,上海浦東機場機場,桃園國際機場,中國國際
世興旅行社,AMS10190314A,1,BR075,2019/03/14,08:40,2019/03/14,19:30,TPE/AMS,台北市,阿姆斯特丹,桃園國際機場,阿姆斯特丹機場,長榮航空
世興旅行社,AMS10190314A,9,BR088,2019/03/22,11:20,2019/03/23,06:30,CDG/TPE,巴黎戴高樂機場,台北市,巴黎機場,桃園國際機場,長榮航空
世興旅行社,CJU04190315B,1,ZE884,2019/03/15,10:35,2019/03/15,14:00,TPE/CJU,台北市,濟州島,桃園國際機場,濟州機場,易斯達航
世興旅行社,CJU04190315B,4,ZE883,2019/03/18,08:40,2019/03/18,09:35,CJU/TPE,濟州島,台北市,濟州機場,桃園國際機場,易斯達航
世興旅行社,YNT05190315A,1,SC4078,2019/03/15,19:50,2019/03/15,22:20,TPE/YNT,台北市,煙台,桃園國際機場,煙台機場,山東航空
世興旅行社,YNT05190315A,5,SC4077,2019/03/19,16:20,2019/03/19,18:50,YNT/TPE,煙台,台北市,煙台機場,桃園國際機場,山東航空
世興旅行社,CJU04190315A,1,FE722,2019/03/15,18:40,2019/03/15,21:40,TPE/CJU,台北市,濟州島,桃園國際機場,濟州機場,遠東航空
世興旅行社,CJU04190315A,4,FE721,2019/03/18,22:35,2019/03/18,23:25,CJU/TPE,濟州島,台北市,濟州機場,桃園國際機場,遠東航空
世興旅行社,CJU05190315A,1,IT654,2019/03/15,07:05,2019/03/15,10:00,TPE/CJU,台北市,濟州島,桃園國際機場,濟州機場,台虎
世興旅行社,CJU05190315A,5,IT655,2019/03/19,11:00,2019/03/19,12:15,CJU/TPE,濟州島,台北市,濟州機場,桃園國際機場,台虎
世興旅行社,HAN05190315D,1,AE1855,2019/03/15,07:30,2019/03/15,09:20,RMQ/HAN,台中清泉岡機場,河內,台中清泉岡機場,河內機場,華信航空
世興旅行社,HAN05190315D,5,AE1856,2019/03/19,10:10,2019/03/19,13:45,HAN/RMQ,河內,台中清泉岡機場,河內機場,台中清泉岡機場,華信航空
世興旅行社,HAN05190315A,1,CI791,2019/03/15,08:25,2019/03/15,10:35,TPE/HAN,台北市,河內,桃園國際機場,河內機場,中華航空
世興旅行社,HAN05190315A,5,CI792,2019/03/19,11:35,2019/03/19,15:10,HAN/TPE,河內,台北市,河內機場,桃園國際機場,中華航空
世興旅行社,KWL05190315A,1,CZ3020,2019/03/15,17:55,2019/03/15,20:30,TPE/KWL,台北市,桂林,桃園國際機場,桂林機場,中國南方航空
世興旅行社,KWL05190315A,5,CZ3019,2019/03/19,15:00,2019/03/19,17:00,KWL/TPE,桂林,台北市,桂林機場,桃園國際機場,中國南方航空
世興旅行社,WUX05190315A,1,B72596,2019/03/15,15:35,2019/03/15,17:55,RMQ/WUX,台中清泉岡機場,無錫,台中清泉岡機場,無錫機場,立榮航空
世興旅行社,WUX05190315A,5,BR711,2019/03/19,13:10,2019/03/19,15:00,PVG/TPE,上海,台北市,上海浦東機場機場,桃園國際機場,長榮航空
世興旅行社,KIJ04190315B,1,FE622,2019/03/15,08:30,2019/03/15,13:00,TPE/KIJ,台北市,新瀉,桃園國際機場,新瀉機場,遠東航空
世興旅行社,KIJ04190315B,4,FE621,2019/03/18,14:00,2019/03/18,17:00,KIJ/TPE,新瀉,台北市,新瀉機場,桃園國際機場,遠東航空
世興旅行社,HAN05190315B,1,CI791,2019/03/15,08:25,2019/03/15,10:35,TPE/HAN,台北市,河內,桃園國際機場,河內機場,中華航空
世興旅行社,HAN05190315B,5,CI792,2019/03/19,11:35,2019/03/19,15:10,HAN/TPE,河內,台北市,河內機場,桃園國際機場,中華航空
世興旅行社,KIJ04190315A,1,FE622,2019/03/15,08:30,2019/03/15,13:00,TPE/KIJ,台北市,新瀉,桃園國際機場,新瀉機場,遠東航空
世興旅行社,KIJ04190315A,4,FE621,2019/03/18,14:00,2019/03/18,17:00,KIJ/TPE,新瀉,台北市,新瀉機場,桃園國際機場,遠東航空
世興旅行社,HRB08190315A,1,SC4086,2019/03/15,16:45,2019/03/15,19:10,TPE/TAO,台北市,青島,桃園國際機場,青島機場,山東航空
世興旅行社,HRB08190315A,3,SC4641,2019/03/17,07:10,2019/03/17,09:00,TAO/YNJ,青島,延吉,青島機場,延吉機場,山東航空
世興旅行社,HRB08190315A,8,SC4842,2019/03/22,10:05,2019/03/22,12:05,HRB/YNT,哈爾濱,煙台,哈爾濱機場,煙台機場,山東航空
世興旅行社,HRB08190315A,8,SC4077,2019/03/22,16:15,2019/03/22,18:50,YNT/TPE,煙台,台北市,煙台機場,桃園國際機場,山東航空
世興旅行社,HGH08190315A,1,MF886,2019/03/15,18:20,2019/03/15,21:00,TPE/HGH,台北市,杭州,桃園國際機場,杭州機場,廈門航空
世興旅行社,HGH08190315A,8,MF885,2019/03/22,15:35,2019/03/22,17:20,HGH/TPE,杭州,台北市,杭州機場,桃園國際機場,廈門航空
世興旅行社,HAN05190315C,1,CI791,2019/03/15,08:25,2019/03/15,10:35,TPE/HAN,台北市,河內,桃園國際機場,河內機場,中華航空
世興旅行社,HAN05190315C,5,CI792,2019/03/19,11:35,2019/03/19,15:10,HAN/TPE,河內,台北市,河內機場,桃園國際機場,中華航空
世興旅行社,USM05190315A,1,TG637,2019/03/15,07:50,2019/03/15,10:35,TPE/BKK,台北市,曼谷,桃園國際機場,曼谷機場,泰國航空
世興旅行社,USM05190315A,1,PG135,2019/03/15,12:05,2019/03/15,13:10,BKK/USM,曼谷,蘇梅島,曼谷機場,蘇梅島機場,泰國航空
世興旅行社,USM05190315A,1,PG145,2019/03/15,13:45,2019/03/15,14:50,BKK/USM,曼谷,蘇梅島,曼谷機場,蘇梅島機場,泰國航空
世興旅行社,USM05190315A,5,PG132,2019/03/19,12:15,2019/03/19,13:20,USM/BKK,蘇梅島,曼谷,蘇梅島機場,曼谷機場,泰國航空
世興旅行社,USM05190315A,5,PG138,2019/03/19,13:00,2019/03/19,14:20,USM/BKK,蘇梅島,曼谷,蘇梅島機場,曼谷機場,泰國航空
世興旅行社,USM05190315A,5,PG136,2019/03/19,13:50,2019/03/19,14:55,USM/BKK,蘇梅島,曼谷,蘇梅島機場,曼谷機場,泰國航空
世興旅行社,USM05190315A,5,PG144,2019/03/19,15:00,2019/03/19,16:05,USM/BKK,蘇梅島,曼谷,蘇梅島機場,曼谷機場,泰國航空
世興旅行社,USM05190315A,5,TG636,2019/03/19,17:40,2019/03/19,22:20,BKK/TPE,曼谷,台北市,曼谷機場,桃園國際機場,泰國航空
世興旅行社,AUCIMB90315A,1,CI057,2019/03/15,23:30,2019/03/16,11:50,TPE/MEL,台北市,墨爾本,桃園國際機場,墨爾本機場,中華航空
世興旅行社,AUCIMB90315A,8,CI054,2019/03/22,23:15,2019/03/23,06:00,BNE/TPE,布里斯班,台北市,布里斯班機場,桃園國際機場,中華航空
